danceability,energy,loudness,speechiness,acousticness,instrumentalness,liveness,valence,tempo,duration_ms,genre,song_name,title
0.699,0.945,-0.942,0.306,0.0289,0.0,0.362,0.861,0.6807,0.1577,12,Null,Headbangers:Dubstep/Riddim
0.709,0.911,-1.611,0.0591,0.0522,0.525,0.11,0.379,0.7901,0.3127,13,Null,Drum and Bass - 2015 to 2020
0.505,0.641,-7.486,0.0382,0.0011,0.0015,0.122,0.164,0.5905,0.2454,10,Null,Vocal Melodic Trance Top 1000
0.563,0.902,-5.109,0.0458,0.0002,0.876,0.0974,0.16,0.6265,0.3048,11,Null,Psytrance New Releases 2020
0.643,0.907,-6.167,0.372,0.111,0.0,0.437,0.777,0.7346,0.2347,5,"Bust It Baby, Pt. 2",Null
0.807,0.918,-10.626,0.0516,0.0017,0.901,0.0805,0.452,0.5765,0.4346,8,Null,Tech House 2020
0.677,0.732,-6.86,0.171,0.194,0.0,0.0907,0.32,0.4997,0.3037,4,Grindin',Null
0.379,0.742,-12.989,0.0366,0.0007,0.715,0.19,0.236,0.5811,0.4874,10,Null,Top Trance Songs EVER
0.651,0.882,-6.129,0.0566,0.0001,0.801,0.168,0.53,0.6491,0.5367,11,Null,"Psy, Goa, Full on Trance"
0.669,0.683,-8.338,0.046,0.0002,0.86,0.141,0.21,0.5992,0.4193,10,Null,"Uplifting Trance, Euphoric Trance"
0.598,0.95,-7.023,0.0495,0.0001,0.789,0.672,0.118,0.6264,0.4626,11,Null,PSYTRANCE BANGERS best new 2020
0.661,0.573,-8.407,0.0425,0.0835,0.0,0.107,0.347,0.7448,0.1922,0,Bittersweet,Null
0.47,0.968,-8.386,0.0472,0.0,0.819,0.11,0.276,0.6582,0.5914,11,Null,PsyTrance 2020 felipe
0.802,0.883,-4.768,0.0416,0.0004,0.908,0.0882,0.204,0.572,0.2175,8,Null,Dirtybird Players
0.935,0.552,-9.373,0.335,0.111,0.0,0.0952,0.615,0.4539,0.1595,4,Faucet Failure,Null
0.884,0.818,-8.489,0.101,0.0036,0.324,0.123,0.604,0.5675,0.2425,8,Null,Tech House Pizza
0.709,0.585,-5.886,0.0903,0.0052,0.0,0.124,0.356,0.5902,0.1959,1,Off My Chest (feat. Lil Pump),Null
0.768,0.85,-6.606,0.0458,0.0215,0.0,0.305,0.251,0.5558,0.0884,1,Fuck What You Heard (Fwyh),Null
0.607,0.976,-4.53,0.0699,0.0092,0.105,0.368,0.142,0.572,0.2776,10,Null,Vocal Melodic Trance Top 1000
0.443,0.248,-15.364,0.114,0.0901,0.0905,0.138,0.169,0.7402,0.2273,7,Welcome to the Hell Zone,Null
0.509,0.824,-7.849,0.0761,0.0007,0.911,0.0828,0.0917,0.6353,0.1897,0,limerence,Null
0.682,0.986,-0.78,0.307,0.151,0.019,0.441,0.791,0.6807,0.2804,12,Null,Lost Lands 2019
0.487,0.941,-7.142,0.0496,0.0005,0.93,0.156,0.0481,0.6081,0.2042,10,Null,Trance Mission
0.771,0.579,-8.318,0.226,0.638,0.0,0.141,0.196,0.5223,0.1851,0,Diamonds,Null
0.422,0.912,-4.098,0.0492,0.0033,0.402,0.157,0.125,0.7894,0.2572,13,Null,Massive Drum & Bass
0.436,0.492,-9.207,0.0318,0.782,0.0,0.305,0.535,0.7432,0.25,3,Forget Me Not,Null
0.831,0.558,-3.551,0.242,0.018,0.0,0.094,0.338,0.6445,0.1833,1,Do It Myself,Null
0.448,0.798,-5.902,0.292,0.412,0.0,0.253,0.422,0.8484,0.2228,7,Rooftops,Null
0.535,0.877,-2.181,0.0465,0.033,0.0002,0.144,0.115,0.681,0.2646,14,Null,Euphoric Hardstyle
0.871,0.879,-3.729,0.239,0.0153,0.0002,0.116,0.49,0.7536,0.1393,0,Lil Motorola,Null
0.496,0.529,-9.243,0.0303,0.0495,0.0,0.098,0.223,0.7039,0.2018,4,Doomsday,Null
0.622,0.846,-6.819,0.0649,0.0046,0.0014,0.0909,0.135,0.6265,0.265,10,Null,Top Trance Songs EVER
0.712,0.759,-5.397,0.334,0.016,0.0808,0.217,0.738,0.3591,0.2731,4,Yonkers,Null
0.73,0.963,-1.459,0.149,0.0553,0.0003,0.297,0.735,0.6811,0.2398,12,Null,I'm a fucking Headbanger
0.94,0.415,-10.072,0.357,0.0301,0.0,0.0868,0.468,0.9075,0.1917,1,Glock Talk,Null
0.67,0.842,-6.036,0.102,0.0355,0.0001,0.165,0.363,0.6355,0.1278,2,IWantTheSkyToBreak,Null
0.841,0.576,-7.593,0.125,0.289,0.0,0.105,0.278,0.8716,0.1645,1,Fuckthepopulation,Null
0.775,0.539,-4.303,0.0881,0.372,0.0,0.225,0.624,0.6581,0.232,1,Cake,Null
0.481,0.966,-1.915,0.15,0.0184,0.0,0.176,0.302,0.6581,0.2919,12,Null,I'm a fucking Headbanger
0.512,0.982,-6.689,0.0688,0.0,0.855,0.955,0.72,0.6945,0.481,11,Null,Psytrance: From Full on to Forrest Trance
0.505,0.934,-5.06,0.0415,0.0953,0.0179,0.339,0.307,0.6814,0.184,14,Null,Best of Hardstyle 2020
0.519,0.97,-4.252,0.0523,0.0233,0.0217,0.225,0.134,0.6812,0.2033,14,Null,Euphoric Hardstyle & Melodic Hardstyle
0.324,0.914,-6.676,0.0731,0.0007,0.773,0.11,0.0688,0.6359,0.4318,11,Null,PsyTrance 2020 By GMR
0.754,0.706,-9.557,0.0565,0.0011,0.842,0.114,0.228,0.572,0.4388,9,Null,Top Techno Tracks 2020
0.649,0.929,-1.223,0.0642,0.0002,0.266,0.379,0.357,0.7945,0.4296,13,Null,Drum and Bass - 2015 to 2020
0.838,0.932,-3.545,0.327,0.0398,0.0,0.0801,0.445,0.6808,0.0842,1,Second Lines Come With Broken Souls,Null
0.789,0.74,-12.776,0.0967,0.0223,0.75,0.113,0.239,0.5811,0.4354,9,Null,|DARK|HARD|TECHNO
0.821,0.904,-3.687,0.0972,0.0361,0.164,0.429,0.105,0.6586,0.241,12,Null,Riddim Dubstep 2017-2018-2019
0.692,0.884,-7.692,0.0672,0.0134,0.002,0.157,0.884,0.8311,0.3031,7,Halftime - Butcher Remix,Null
0.935,0.429,-6.697,0.118,0.0308,0.0,0.102,0.0769,0.6355,0.1352,0,2nd Hand,Null
0.686,0.79,-5.752,0.0501,0.0003,0.864,0.28,0.0378,0.5902,0.5191,9,Null,techno. only. (08/02)
0.692,0.521,-8.465,0.33,0.301,0.0,0.0565,0.463,0.456,0.3209,4,No Role Modelz,Null
0.635,0.632,-8.21,0.275,0.0002,0.0,0.0615,0.233,0.7355,0.2742,0,Real in My Veins (feat. T-Shyne),Null
0.463,0.789,-6.044,0.0695,0.0052,0.0,0.095,0.13,0.6806,0.235,12,Null,I'm a fucking Headbanger
0.759,0.73,-7.985,0.0516,0.145,0.0,0.11,0.74,0.5221,0.294,0,Murder On My Mind,Null
0.626,0.848,-4.075,0.0564,0.0178,0.878,0.158,0.22,0.7899,0.405,13,Null,Liquid Drum & Bass
0.759,0.684,-5.411,0.346,0.15,0.0009,0.0702,0.457,0.8243,0.0965,0,Hexagon,Null
0.513,0.745,-5.41,0.0337,0.0036,0.894,0.24,0.299,0.7896,0.246,13,Null,UKF Drum & Bass - All Uploads
0.295,0.754,-6.962,0.048,0.0982,0.373,0.0694,0.13,0.6796,0.2633,14,Null,Euphoric Hardstyle - 2020
0.551,0.675,-6.695,0.364,0.224,0.0,0.2,0.877,0.5404,0.1989,7,Cash Still Rules / Scary Hours (Still Don't Nothing Move but the Money),Null
0.942,0.576,-9.03,0.248,0.0119,0.66,0.142,0.878,0.5627,0.2477,8,Null,Tech House Elrow Secrets
0.523,0.954,-4.814,0.179,0.0082,0.0176,0.925,0.306,0.6811,0.2243,14,Null,Euphoric Hardstyle & Melodic Hardstyle
0.549,0.497,-8.635,0.0256,0.0058,0.781,0.131,0.184,0.9079,0.262,0,My Will To,Null
0.737,0.707,-11.113,0.448,0.514,0.0,0.393,0.561,0.4454,0.3165,4,Ill Mind of Hopsin 5,Null
0.863,0.838,-4.593,0.24,0.138,0.0,0.0533,0.756,0.8897,0.2563,7,California,Null
0.799,0.886,-3.999,0.0553,0.0012,0.92,0.067,0.417,0.5719,0.287,8,Null,tech house
0.492,0.903,-7.105,0.0636,0.0129,0.114,0.116,0.0667,0.6809,0.2322,0,Flight,Null
0.628,0.933,-2.79,0.0909,0.0148,0.74,0.254,0.535,0.7264,0.2366,12,Null,HEADBANGERS:Dubstep/Riddim
0.462,0.882,-9.014,0.0393,0.0003,0.811,0.341,0.526,0.6038,0.2301,10,Null,Uplifting Trance 2019
0.618,0.217,-15.372,0.0515,0.836,0.0002,0.538,0.0872,0.5266,0.2213,0,Will He,Null
0.699,0.937,-1.251,0.324,0.0049,0.018,0.304,0.348,0.7943,0.3252,13,Null,Drum and Bass - Running 2020
0.524,0.781,-4.899,0.0964,0.0335,0.0001,0.135,0.361,0.8286,0.234,3,Seventy Times 7,Null
0.788,0.689,-7.211,0.13,0.0112,0.0,0.22,0.681,0.6176,0.2072,4,No Sleep Leak,Null
0.276,0.956,-2.032,0.0714,0.14,0.0399,0.0811,0.13,0.7035,0.2272,14,Null,Euphoric Hardstyle
0.619,0.948,-3.186,0.409,0.0249,0.0001,0.855,0.143,0.5902,0.1295,0,Rise from the Ashes,Null
0.564,0.705,-11.8,0.334,0.0053,0.462,0.177,0.0578,0.5811,0.2629,10,Null,Progressive Trance
0.858,0.705,-6.766,0.329,0.0087,0.0,0.524,0.854,0.9278,0.2931,1,Adrenaline!,Null
0.757,0.568,-11.835,0.0646,0.0355,0.904,0.0661,0.392,0.5538,0.5413,9,Null,Techno
0.488,0.967,-2.701,0.0755,0.0147,0.0,0.109,0.341,0.5943,0.2372,3,Six Feet Under The Stars,Null
0.443,0.949,-1.719,0.0464,0.0146,0.0006,0.108,0.155,0.6947,0.2163,14,Null,Ready2GetMaggot?
0.635,0.773,-4.923,0.0604,0.0644,0.0,0.187,0.623,0.6083,0.2158,3,The Phrase That Pays,Null
0.65,0.512,-8.256,0.0295,0.0925,0.0,0.144,0.135,0.6362,0.1483,7,BENZ | I Know,Null
0.736,0.604,-7.357,0.222,0.0652,0.0001,0.124,0.574,0.7036,0.2897,4,Codeine Dreaming (feat. Lil Wayne),Null
0.688,0.53,-5.507,0.0333,0.443,0.0,0.0995,0.162,0.4855,0.2253,3,Hold Me While You Wait,Null
0.556,0.91,-6.255,0.0522,0.0004,0.868,0.448,0.142,0.6445,0.4609,11,Null,PSYTRANCE BANGERS best new 2020
0.847,0.773,-7.365,0.232,0.0011,0.0,0.254,0.473,0.9341,0.347,1,I'm That Type Of Nigga,Null
0.805,0.669,-9.772,0.269,0.0008,0.0,0.0926,0.681,0.6078,0.1496,1,BLOODY SHOES,Null
0.396,0.554,-5.048,0.0488,0.222,0.0,0.612,0.17,0.5329,0.2985,4,way back,Null
0.705,0.888,-7.988,0.0693,0.0001,0.842,0.114,0.0365,0.6355,0.4619,11,Null,Psytrance 2020
0.6,0.723,-4.928,0.158,0.109,0.0,0.167,0.463,0.6804,0.2139,1,TELL ME WHY,Null
0.458,0.378,-11.354,0.15,0.416,0.0919,0.0966,0.037,0.7637,0.1936,7,Demons,Null
0.639,0.812,-4.113,0.0569,0.0773,0.0,0.115,0.5,0.8263,0.0809,1,NONSENSE,Null
0.38,0.888,-3.596,0.431,0.0028,0.171,0.652,0.279,0.7272,0.2899,12,Null,Heavy Dubstep
0.633,0.769,-4.727,0.0362,0.0229,0.523,0.0961,0.182,0.7897,0.3434,13,Null,Drum and Bass 2020
0.557,0.828,-3.317,0.0978,0.0196,0.321,0.137,0.278,0.5444,0.1676,2,Fear Is the Mind Killer,Null
0.483,0.557,-7.372,0.0709,0.0018,0.0,0.115,0.267,0.6941,0.1385,1,Fangirl (feat. Gab3),Null
0.728,0.703,-1.504,0.0456,0.0004,0.0001,0.112,0.202,0.6343,0.3154,12,Null,Riddim Dubstep
0.742,0.553,-8.98,0.419,0.389,0.0,0.0694,0.508,0.7711,0.2294,1,Blue World,Null
0.779,0.455,-15.025,0.28,0.0542,0.0,0.177,0.197,0.6363,0.168,4,Uber Everywhere,Null
0.713,0.493,-9.224,0.0356,0.0558,0.0013,0.129,0.178,0.6356,0.1645,0,Trust Me,Null
0.798,0.443,-6.062,0.0403,0.244,0.0,0.326,0.354,0.5685,0.321,1,Don't Matter,Null
0.501,0.869,-5.414,0.04,0.0003,0.792,0.0517,0.0857,0.7902,0.3897,13,Null,Liquid Drum and Bass
0.38,0.805,-11.351,0.0933,0.0004,0.897,0.497,0.189,0.6179,0.3739,10,Null,State if Trance (The best ASOT Epsidoes)
0.419,0.986,-6.079,0.0565,0.0001,0.327,0.343,0.105,0.6265,0.249,10,Null,Uplifting | Trance
0.374,0.951,-3.71,0.042,0.0002,0.552,0.385,0.291,0.7944,0.3124,13,Null,UKF Drum & Bass - All Uploads
0.714,0.864,-6.627,0.064,0.0018,0.813,0.108,0.113,0.6356,0.6571,11,Null,PsyTrance 2020 felipe
0.508,0.764,-5.207,0.041,0.0155,0.203,0.0544,0.17,0.7807,0.3507,13,Null,Drum and Bass Top 50
0.52,0.934,-4.426,0.0621,0.0005,0.0,0.0719,0.317,0.8709,0.2738,2,Twist Of Fate/ Cobra,Null
0.433,0.928,-8.7,0.0407,0.0031,0.621,0.546,0.112,0.6102,0.2368,10,Null,State if Trance (The best ASOT Epsidoes)
0.877,0.546,-4.953,0.158,0.0375,0.0,0.108,0.624,0.6401,0.1789,1,One Dolla,Null
0.647,0.749,-5.019,0.0478,0.0386,0.0,0.298,0.659,0.6976,0.2448,5,Pretty Girls (feat. Travie McCoy),Null
0.584,0.924,-3.089,0.0759,0.0166,0.0,0.0851,0.543,0.7986,0.244,13,Null,Liqduicity Drum & Bass
0.571,0.747,-4.659,0.17,0.478,0.0,0.116,0.635,0.9647,0.2844,5,TWIST & TURN (feat. Drake & PARTYNEXTDOOR),Null
0.793,0.441,-10.297,0.579,0.867,0.0,0.111,0.753,0.6786,0.0982,0,Dead and Cold,Null
0.774,0.812,-7.72,0.0796,0.005,0.927,0.107,0.122,0.5811,0.4028,9,Null,Techno Daily
0.751,0.809,-8.254,0.0696,0.239,0.0,0.101,0.34,0.6628,0.1884,0,Stuck In My Ways,Null
0.61,0.948,-8.271,0.0567,0.01,0.866,0.0701,0.443,0.5765,0.4202,9,Null,Dark Techno Rave
0.795,0.728,-4.712,0.0544,0.207,0.0,0.237,0.582,0.6672,0.2498,5,Wanted You (feat. Lil Uzi Vert),Null
0.584,0.868,-5.6,0.0377,0.0133,0.0198,0.12,0.428,0.5991,0.1913,10,Null,Best of Trance
0.551,0.975,-1.906,0.898,0.0629,0.0,0.367,0.418,0.6898,0.169,2,Fuckshit18!,Null
0.893,0.514,-5.08,0.283,0.18,0.0,0.0596,0.787,0.8702,0.24,1,"Alkaholik (feat. Erik Sermon, J Ro & Tash)",Null
0.707,0.924,-8.372,0.104,0.137,0.947,0.121,0.066,0.5811,0.3409,9,Null,|DARK|HARD|TECHNO
0.942,0.582,-7.385,0.265,0.002,0.0,0.0741,0.528,0.9078,0.1801,1,3 Choppaz,Null
0.69,0.903,-4.494,0.11,0.0352,0.0,0.13,0.212,0.6453,0.1241,2,Moonwalk,Null
0.507,0.962,-4.675,0.0999,0.008,0.575,0.225,0.0671,0.6264,0.2225,10,Null,Top Trance Songs EVER
0.774,0.563,-11.631,0.265,0.465,0.0,0.142,0.647,0.8626,0.2591,1,Murder Scene (feat. Lil Durk),Null
0.681,0.543,-8.793,0.0422,0.0299,0.0536,0.107,0.216,0.8169,0.1407,0,DarkShadowBlunts,Null
0.733,0.651,-6.892,0.0712,0.014,0.0,0.167,0.443,0.7174,0.1741,1,BERZERK,Null
0.777,0.883,-8.377,0.0833,0.0391,0.588,0.126,0.267,0.5765,0.1987,8,Null,Dirtybird Players
0.796,0.981,-5.691,0.0555,0.0012,0.906,0.0907,0.173,0.5901,0.3944,9,Null,Techno / Minimal / Hardcore/ Melodic / Dark
0.629,0.966,-7.625,0.171,0.0014,0.409,0.141,0.179,0.6356,0.4206,11,Null,PSYTRANCE BANGERS best new 2020
0.48,0.936,-3.079,0.0472,0.019,0.0,0.677,0.233,0.6837,0.1967,14,Null,Euphoric Hardstyle
0.367,0.472,-11.902,0.0689,0.195,0.0,0.0874,0.761,0.8157,0.1606,7,Son Of A Preacher Man,Null
0.29,0.999,1.833,0.391,0.0228,0.0,0.278,0.269,0.6807,0.2383,2,TERRAFXRM.,Null
0.657,0.941,-3.919,0.061,0.0476,0.0,0.0797,0.879,0.6183,0.2436,5,Jai Ho! (You Are My Destiny),Null
0.767,0.496,-9.519,0.236,0.767,0.0158,0.141,0.316,0.6582,0.1552,1,Tortured Genius,Null
0.562,0.727,-5.77,0.0518,0.0038,0.588,0.172,0.252,0.7901,0.476,13,Null,Liqduicity Drum & Bass
0.531,0.75,-5.831,0.111,0.0063,0.0001,0.117,0.198,0.7715,0.2191,4,Heartless,Null
0.482,0.551,-11.567,0.0661,0.218,0.859,0.135,0.0433,0.8895,0.2629,0,Why,Null
0.46,0.947,-7.664,0.0456,0.0,0.9,0.274,0.182,0.6265,0.4876,9,Null,techno. only. (08/02)
0.54,0.98,-1.48,0.097,0.012,0.0007,0.113,0.317,0.6948,0.2298,14,Null,Best Hardstyle ever made
0.611,0.554,-6.39,0.193,0.145,0.0012,0.171,0.0772,0.8767,0.0805,2,offa my wave,Null
0.837,0.389,-8.137,0.474,0.0629,0.0,0.128,0.193,0.7714,0.1616,1,Dolo,Null
0.867,0.614,-5.92,0.142,0.0155,0.0,0.113,0.762,0.681,0.2053,1,Le Le Smizzle,Null
0.787,0.863,-9.245,0.0575,0.0102,0.668,0.167,0.114,0.581,0.6224,8,Null,tech house
0.519,0.809,-6.362,0.556,0.388,0.0,0.275,0.262,0.6629,0.2894,1,03' Adolescence,Null
0.684,0.458,-8.25,0.0303,0.209,0.0,0.273,0.502,0.8894,0.2375,5,How Do I Breathe,Null
0.596,0.912,-6.133,0.232,0.0,0.0079,0.326,0.354,0.5992,0.1274,10,Null,Progressive Trance
0.637,0.988,-3.583,0.293,0.291,0.001,0.417,0.642,0.6808,0.2699,12,Null,HEADBANGERS:Dubstep/Riddim
0.462,0.902,-3.532,0.0582,0.0005,0.465,0.09,0.113,0.6366,0.2353,12,Null,I'm a fucking Headbanger
0.836,0.664,-10.035,0.401,0.218,0.0,0.116,0.656,0.7266,0.2167,0,RED Rust,Null
0.565,0.984,-1.374,0.0844,0.0015,0.901,0.253,0.263,0.79,0.2841,13,Null,Drum and Bass Top 50
0.784,0.828,-6.765,0.223,0.0771,0.0,0.346,0.629,0.47,0.287,7,Oh Shit,Null
0.718,0.668,-4.162,0.137,0.0254,0.0078,0.124,0.038,0.5939,0.085,2,kamikaze,Null
0.704,0.758,-3.537,0.0402,0.233,0.0014,0.0924,0.534,0.5448,0.2354,6,Circles,Null
0.517,0.58,-5.501,0.0997,0.654,0.0,0.62,0.649,0.7785,0.2247,5,HOLD UP (feat. Queen Naija),Null
0.598,0.98,-3.574,0.185,0.0018,0.316,0.508,0.039,0.6808,0.1936,14,Null,Euphoric Hardstyle
0.8,0.663,-3.832,0.0324,0.048,0.0,0.252,0.472,0.8347,0.2497,5,Breathe (feat. Sean Paul) - Rap Version,Null
0.742,0.933,-5.903,0.0436,0.0024,0.433,0.295,0.262,0.5629,0.2396,8,Null,Tech House 2020
0.754,0.575,-8.393,0.0682,0.045,0.0013,0.276,0.491,0.7809,0.2247,0,Mob Ties,Null
0.804,0.958,-3.419,0.0562,0.0004,0.884,0.333,0.713,0.5674,0.3892,8,Null,Tech House Club
0.578,0.705,-5.918,0.284,0.552,0.0004,0.0822,0.333,0.6176,0.2239,0,Heavensent,Null
0.204,0.935,-12.046,0.0592,0.0005,0.862,0.35,0.193,0.6264,0.1215,10,Null,State if Trance (The best ASOT Epsidoes)
0.591,0.881,-3.956,0.0463,0.0186,0.662,0.244,0.0363,0.7942,0.366,13,Null,Liqduicity Drum & Bass
0.689,0.775,-4.396,0.0807,0.0727,0.0,0.091,0.382,0.5447,0.2672,7,Millions,Null
0.445,0.882,-3.978,0.0304,0.0027,0.0003,0.189,0.813,0.7946,0.3726,13,Null,Massive Drum & Bass
0.778,0.547,-7.273,0.0489,0.346,0.0003,0.132,0.441,0.8625,0.2658,6,Just Give Me a Reason (feat. Nate Ruess),Null
0.637,0.935,-2.467,0.107,0.0086,0.004,0.214,0.468,0.6813,0.2269,12,Null,I'm a fucking Headbanger
0.81,0.673,-7.142,0.297,0.318,0.0,0.313,0.448,0.5627,0.2235,1,I Guess I'll Smoke (feat. Dizzy Wright & Layzie Bone),Null
0.609,0.989,0.095,0.469,0.057,0.0001,0.89,0.632,0.6531,0.2419,12,Null,Riddim Dubstep
0.572,0.795,-5.762,0.461,0.46,0.0,0.304,0.729,0.7225,0.1752,3,Dagboek,Null
0.826,0.842,-7.008,0.0638,0.017,0.0185,0.115,0.378,0.5721,0.2295,8,Null,Dirtybird//Techhouse by Mack\
0.772,0.943,-6.964,0.0516,0.0196,0.521,0.0929,0.278,0.572,0.4253,9,Null,|DARK|HARD|TECHNO
0.643,0.344,-11.342,0.0349,0.909,0.0112,0.106,0.547,0.6545,0.2748,7,Everlong - Acoustic Version,Null
0.637,0.835,-7.171,0.0357,0.0576,0.48,0.186,0.205,0.5628,0.2194,8,Null,Tech House Music 2020
0.761,0.734,-8.549,0.0534,0.0022,0.863,0.338,0.196,0.581,0.5524,9,Null,Dark Techno
0.724,0.985,-1.79,0.24,0.215,0.0,0.116,0.6,0.7079,0.1904,1,Bladed Choppa,Null
0.759,0.967,-6.037,0.0502,0.0001,0.857,0.249,0.471,0.6583,0.3771,11,Null,PsytranceL Full on Progressive (&Goa)
0.795,0.797,-5.96,0.0634,0.0044,0.302,0.129,0.627,0.5672,0.2077,8,Null,Dirtybird House
0.673,0.76,-5.78,0.227,0.0538,0.0,0.71,0.698,0.6952,0.2378,1,Stomp,Null
0.21,0.991,-3.1,0.413,0.0019,0.0771,0.148,0.179,0.6802,0.2434,14,Null,Q-Dance | Hardstyle | Top 100 | 2019
0.706,0.925,-4.511,0.0599,0.0002,0.567,0.0651,0.191,0.572,0.4089,10,Null,Vocal Melodic Trance Top 1000
0.447,0.803,-4.897,0.0569,0.0036,0.491,0.0666,0.203,0.7942,0.3347,13,Null,Liquid Drum and Bass
0.468,0.832,-4.333,0.128,0.0231,0.003,0.26,0.357,0.526,0.2991,0,Nexus (Yume Collective),Null
0.748,0.992,-8.828,0.0767,0.004,0.917,0.128,0.398,0.6037,0.4111,9,Null,Acid Techno: Hard Techno on Acid
0.347,0.926,-2.196,0.0536,0.0158,0.0,0.347,0.163,0.7034,0.2171,14,Null,Greatest Hardstyle Playlist
0.781,0.682,-5.978,0.335,0.496,0.0,0.794,0.842,0.5909,0.1531,1,Sideshow,Null
0.626,0.909,-2.299,0.234,0.0168,0.0133,0.17,0.518,0.6811,0.2112,12,Null,I'm a fucking Headbanger
0.442,0.889,-5.859,0.0377,0.008,0.0004,0.804,0.152,0.6261,0.2555,10,Null,Top Trance Songs EVER
0.527,0.793,-8.796,0.0362,0.002,0.832,0.112,0.208,0.5992,0.5854,9,Null,Dark Techno Rave
0.545,0.423,-11.062,0.394,0.0022,0.0,0.218,0.33,0.6842,0.1544,7,BEN CARSON,Null
0.671,0.42,-4.945,0.0355,0.0286,0.0011,0.112,0.0714,0.8134,0.1416,0,The Two of Us Are Dying,Null
0.801,0.926,-7.582,0.0664,0.0019,0.861,0.0672,0.772,0.5857,0.4737,8,Null,Beatoirt Best New Tech House
0.725,0.583,-6.776,0.224,0.146,0.0086,0.111,0.116,0.7531,0.1708,1,Snitch,Null
0.464,0.853,-6.184,0.185,0.0034,0.92,0.136,0.228,0.708,0.1786,0,Only Now,Null
0.686,0.722,-6.149,0.0585,0.0606,0.32,0.134,0.411,0.7897,0.3867,13,Null,Liquid Drum and Bass Sessions 2020
0.476,0.972,-2.965,0.0409,0.0011,0.466,0.371,0.359,0.681,0.2988,14,Null,Euphoric Hardstyle
0.512,0.963,-4.078,0.0509,0.0001,0.815,0.22,0.153,0.6582,0.4931,11,Null,Psytrance 2020
0.547,0.866,-3.71,0.0544,0.133,0.0001,0.0775,0.574,0.6811,0.3505,14,Null,Hardstyle Remixes of Popular Songs!
0.886,0.628,-5.949,0.131,0.0022,0.0,0.31,0.178,0.5443,0.2624,1,CoCo,Null
0.716,0.936,-4.968,0.123,0.0318,0.0,0.367,0.799,0.74,0.1802,1,Donald Trump,Null
0.932,0.578,-4.478,0.366,0.115,0.0,0.115,0.623,0.5901,0.1218,1,LIGHTSKIN SH*T (feat. Future & jetsonmade),Null
0.545,0.47,-10.116,0.109,0.025,0.0012,0.106,0.351,0.9323,0.1783,0,Bunch of Bones,Null
0.511,0.909,-3.694,0.0494,0.0001,0.009,0.0767,0.138,0.7898,0.2795,13,Null,Drum and Bass 2020
0.767,0.583,-7.908,0.193,0.264,0.0,0.123,0.254,0.649,0.1913,4,Mister (feat. 21 Savage),Null
0.554,0.936,-6.794,0.0517,0.0005,0.793,0.183,0.0389,0.6446,0.535,11,Null,"Psytrance Intensifies (Goa, Psychedelic, Full on)"
0.72,0.657,-8.389,0.601,0.205,0.0,0.146,0.658,0.7366,0.129,1,Brockhampton,Null
0.647,0.956,-11.049,0.0804,0.0954,0.951,0.112,0.0709,0.6355,0.4506,9,Null,Acid Techno
0.668,0.892,-3.001,0.0645,0.298,0.0,0.735,0.478,0.8709,0.1742,6,Good as Hell (feat. Ariana Grande) - Remix,Null
0.395,0.608,-11.372,0.0418,0.0011,0.0003,0.611,0.0768,0.6266,0.1866,10,Null,State if Trance (The best ASOT Epsidoes)
0.537,0.424,-11.281,0.0409,0.0171,0.842,0.355,0.0761,0.8806,0.285,0,Dmt,Null
0.652,0.872,-8.193,0.0603,0.0014,0.869,0.186,0.306,0.6445,0.4983,11,Null,Psytrance: From Full on to Forrest Trance
0.603,0.849,-6.234,0.162,0.0536,0.0001,0.454,0.534,0.5811,0.2494,10,Null,Best of Trance
0.525,0.98,-1.207,0.138,0.0031,0.615,0.444,0.43,0.6814,0.2033,12,Null,HEADBANGERS:Dubstep/Riddim
0.377,0.982,-11.328,0.0666,0.0,0.901,0.262,0.111,0.6262,0.3038,10,Null,State if Trance (The best ASOT Epsidoes)
0.798,0.744,-5.328,0.136,0.33,0.0001,0.292,0.794,0.7477,0.2848,7,It Was A Good Day,Null
0.595,0.757,-9.561,0.0332,0.0162,0.0403,0.144,0.118,0.6352,0.1355,1,Mortuary,Null
0.681,0.849,-3.257,0.0409,0.0265,0.0079,0.307,0.467,0.7266,0.2438,12,Null,"Buygore: Dubstep, Riddim, Trap and More"
0.771,0.591,-8.412,0.172,0.0267,0.0,0.0968,0.499,0.6358,0.1512,2,MOI TAI,Null
0.729,0.662,-8.837,0.0564,0.0187,0.919,0.137,0.411,0.6264,0.5181,11,Null,PsyTrance 2019 By GMR
0.848,0.885,-7.53,0.0586,0.0007,0.793,0.0722,0.835,0.572,0.2525,8,Null,tech house
0.608,0.924,-6.67,0.0419,0.0,0.671,0.142,0.0393,0.6536,0.4546,11,Null,Psytrance Supernova
0.572,0.543,-4.251,0.0287,0.0954,0.0,0.329,0.329,0.7569,0.2972,7,Ghost Town,Null
0.817,0.719,-11.034,0.05,0.173,0.646,0.368,0.186,0.5901,0.5176,9,Null,DARK UNDERGROUND TECHNO
0.719,0.703,-4.114,0.253,0.0373,0.0001,0.361,0.501,0.7625,0.2566,7,J'OUVERT,Null
0.667,0.659,-0.848,0.428,0.0383,0.0,0.098,0.632,0.803,0.1078,2,I Wanna Be a Suicide Bomber,Null
0.803,0.835,-7.623,0.0552,0.0022,0.764,0.0571,0.871,0.5811,0.3341,8,Null,Tech House Rotation 2020
0.638,0.832,-5.039,0.049,0.141,0.0,0.113,0.648,0.5632,0.2496,6,Firework,Null
0.584,0.924,-3.089,0.0759,0.0166,0.0,0.0851,0.543,0.7986,0.244,13,Null,Fingah Pistols!
0.824,0.963,-1.186,0.11,0.0,0.839,0.446,0.226,0.6356,0.2855,12,Null,RIDDIM
0.557,0.961,-3.043,0.124,0.0003,0.86,0.28,0.676,0.7808,0.3189,13,Null,UKF Drum & Bass - All Uploads
0.783,0.929,0.551,0.0893,0.2,0.0041,0.689,0.152,0.5358,0.1473,1,Nails,Null
0.631,0.239,-7.071,0.0398,0.864,0.0,0.116,0.0927,0.725,0.1635,3,Lonely (with benny blanco),Null
0.735,0.824,-4.143,0.036,0.615,0.0,0.158,0.726,0.9097,0.2318,5,Get Busy,Null
0.529,0.659,-5.318,0.0629,0.0232,0.0,0.114,0.36,0.6273,0.2819,5,Need U Bad,Null
0.766,0.901,-2.764,0.128,0.104,0.0,0.0924,0.215,0.5901,0.1831,4,Value,Null
0.366,0.932,-1.697,0.0729,0.0,0.006,0.22,0.181,0.7037,0.2726,12,Null,HEADBANGERS:Dubstep/Riddim
0.657,0.401,-8.749,0.0294,0.329,0.0,0.123,0.682,0.5901,0.2237,3,Six Feet Under The Stars (Acoustic),Null
0.468,0.762,-4.868,0.044,0.0006,0.0,0.202,0.107,0.6808,0.2447,14,Null,Greatest Hardstyle Playlist
0.565,0.97,-6.558,0.0813,0.0006,0.89,0.0916,0.125,0.6581,0.4931,11,Null,Psytrance New Releases 2020
0.715,0.86,-3.212,0.238,0.0798,0.0008,0.252,0.371,0.6809,0.1971,12,Null,I'm a fucking Headbanger
0.856,0.652,-5.324,0.143,0.177,0.0,0.193,0.471,0.4404,0.2402,4,Paramedic!,Null
0.567,0.703,-3.997,0.0439,0.258,0.0001,0.103,0.547,0.4987,0.3032,7,Episode,Null
0.659,0.801,-4.301,0.322,0.448,0.0,0.14,0.462,0.8806,0.1812,7,Strictly 4 My Jeeps,Null
0.825,0.595,-9.393,0.0669,0.0011,0.94,0.0578,0.0781,0.5629,0.4261,9,Null,techno. only. (08/02)
0.657,0.882,-3.565,0.0456,0.247,0.002,0.112,0.179,0.581,0.2136,10,Null,Best of Trance
0.817,0.493,-9.405,0.57,0.0073,0.0,0.0676,0.533,0.7267,0.1276,1,Touchdown,Null
0.523,0.966,-8.273,0.114,0.0046,0.587,0.238,0.0846,0.6172,0.5102,10,Null,UPLIFTING TRANCE 2020
0.384,0.662,-10.758,0.039,0.0087,0.0397,0.172,0.0827,0.5902,0.3053,10,Null,Top Trance Songs EVER
0.696,0.634,-6.918,0.281,0.244,0.0,0.437,0.728,0.8169,0.1557,7,Good Guy (feat. Jessie Reyez),Null
0.697,0.856,-8.135,0.0583,0.0038,0.847,0.0908,0.0737,0.6037,0.3424,9,Null,techno. only. (08/02)
0.689,0.4,-8.391,0.0278,0.428,0.209,0.131,0.284,0.6786,0.057,1,TroubledYouth,Null
0.352,0.854,-5.471,0.0911,0.0056,0.005,0.355,0.0747,0.6814,0.1983,14,Null,Ready2GetMaggot?
0.522,0.613,-9.391,0.0375,0.169,0.001,0.107,0.309,0.6947,0.3069,1,CANNON,Null
0.763,0.746,-7.105,0.334,0.101,0.0,0.104,0.642,0.7716,0.1733,1,Beg Your Pardon,Null
0.859,0.571,-7.282,0.133,0.0019,0.543,0.0354,0.73,0.5583,0.3262,8,Null,Dirtybird//Techhouse by Mack\
0.618,0.994,-2.866,0.111,0.124,0.265,0.79,0.264,0.6808,0.3868,14,Null,Best Hardstyle ever made
0.628,0.984,-6.459,0.0515,0.0014,0.817,0.118,0.184,0.6447,0.5071,11,Null,"Psytrance Intensifies (Goa, Psychedelic, Full on)"
0.397,0.949,-5.038,0.0426,0.0004,0.472,0.246,0.576,0.7945,0.3213,13,Null,UKF Drum & Bass - All Uploads
0.518,0.924,-7.76,0.0716,0.0008,0.785,0.131,0.13,0.6447,0.5674,11,Null,PSYTRANCE BANGERS best new 2020
0.724,0.771,-6.208,0.369,0.0889,0.0,0.362,0.867,0.8222,0.1574,0,DIET_,Null
0.674,0.866,-5.726,0.145,0.0064,0.0436,0.374,0.244,0.6265,0.2902,11,Null,"Psytrance Intensifies (Goa, Psychedelic, Full on)"
0.592,0.964,-5.549,0.0929,0.0307,0.35,0.398,0.263,0.6719,0.2283,14,Null,Euphoric Hardstyle
0.44,0.952,-6.069,0.0832,0.0079,0.0224,0.699,0.194,0.6809,0.2278,14,Null,Euphoric Hardstyle & Melodic Hardstyle
0.512,0.765,-12.99,0.0415,0.618,0.931,0.0994,0.361,0.6627,0.3169,0,Lightspeed,Null
0.732,0.75,-6.366,0.231,0.0026,0.0,0.109,0.401,0.7041,0.2001,7,XO TOUR Llif3,Null
0.798,0.827,-3.817,0.0943,0.0255,0.192,0.11,0.142,0.5266,0.1326,1,Witcher,Null
0.948,0.465,-13.773,0.548,0.407,0.0,0.0719,0.479,0.4768,0.1717,1,Can't Fuck Wit Niggas,Null
0.603,0.783,-4.023,0.062,0.449,0.0,0.119,0.775,0.781,0.1896,5,Dark Red,Null
0.581,0.707,-9.107,0.307,0.337,0.0,0.498,0.548,0.5636,0.2081,1,Bullet,Null
0.881,0.441,-6.278,0.0646,0.48,0.0,0.119,0.804,0.6265,0.2423,7,Day 'N' Nite (nightmare),Null
0.582,0.997,-0.997,0.36,0.0435,0.0,0.494,0.346,0.6807,0.2155,12,Null,Riddim Dubstep 2017-2018-2019
0.48,0.929,-3.931,0.0826,0.0016,0.0,0.341,0.624,0.8901,0.2373,3,Saturday,Null
0.843,0.7,-3.249,0.26,0.127,0.0,0.876,0.675,0.863,0.321,7,Gangsta Nation,Null
0.448,0.995,-5.133,0.0584,0.0001,0.892,0.6,0.0379,0.6265,0.2438,10,Null,Top Trance Songs EVER
0.8,0.672,-10.88,0.0434,0.0016,0.765,0.0703,0.912,0.572,0.2041,8,Null,Tech House 2020
0.415,0.719,-4.401,0.0428,0.0188,0.0374,0.111,0.11,0.7719,0.2644,13,Null,UKF Drum & Bass
0.571,0.734,-8.546,0.631,0.0013,0.0,0.268,0.398,0.5083,0.2937,2,CHOPSTICK,Null
0.865,0.647,-8.118,0.352,0.0259,0.0018,0.142,0.325,0.7057,0.2105,1,"Kast Out (feat. Sorta Human, Mr Sisco, Lil Woofy Woof, Wavy Jone$ & Dj Killa C)",Null
0.762,0.803,-8.12,0.213,0.0055,0.296,0.345,0.736,0.7262,0.1431,0,Crunch!,Null
0.334,0.761,-5.243,0.0338,0.0009,0.0004,0.129,0.177,0.7899,0.2417,13,Null,UKF Drum & Bass - All Uploads
0.769,0.533,-11.641,0.322,0.0085,0.0,0.0767,0.344,0.6354,0.1503,2,Nameless,Null
0.534,0.749,-6.519,0.0464,0.0473,0.0,0.343,0.409,0.8721,0.1549,2,Attraction,Null
0.607,0.49,-6.764,0.076,0.0053,0.013,0.0926,0.314,0.5895,0.1214,1,Leave Me Alone,Null
0.828,0.793,-6.7,0.0868,0.0001,0.835,0.127,0.318,0.5811,0.5003,9,Null,Top Techno Tracks 2020
0.454,0.773,-6.763,0.0338,0.0223,0.406,0.0916,0.101,0.7902,0.2984,13,Null,UKF Drum & Bass - All Uploads
0.543,0.936,-4.48,0.0687,0.0024,0.635,0.32,0.158,0.5993,0.2229,10,Null,State if Trance (The best ASOT Epsidoes)
0.501,0.99,-7.031,0.0689,0.0017,0.789,0.755,0.503,0.6264,0.2476,10,Null,Trance Mission
0.883,0.625,-4.098,0.245,0.239,0.0,0.0765,0.871,0.575,0.155,1,Buster,Null
0.505,0.926,-6.538,0.126,0.0616,0.0138,0.374,0.5,0.7039,0.2022,14,Null,Euphoric Hardstyle
0.706,0.846,-5.475,0.04,0.0065,0.161,0.0908,0.241,0.5629,0.246,8,Null,Tech House Music 2020
0.533,0.844,-5.04,0.0302,0.0053,0.0001,0.0722,0.712,0.5628,0.2043,8,Null,Tech House Music 2020
0.648,0.865,-4.086,0.0878,0.0004,0.0,0.403,0.63,0.6356,0.3332,7,Dark Shades,Null
0.817,0.646,-5.12,0.249,0.0152,0.0,0.125,0.835,0.7395,0.2334,4,1942 (feat. Yo Gotti & YBN Nahmir),Null
0.877,0.966,-7.518,0.26,0.428,0.0004,0.0804,0.191,0.4994,0.1375,2,I Am God's Mistake (SweetReleaseOfDeath),Null
0.694,0.651,-10.374,0.138,0.004,0.0,0.369,0.152,0.5107,0.2211,7,Lava (feat. Zombie Juice),Null
0.809,0.93,-6.767,0.0723,0.0121,0.853,0.0429,0.803,0.5629,0.424,8,Null,tech house
0.815,0.935,-6.644,0.061,0.0002,0.892,0.0677,0.643,0.5674,0.4381,8,Null,Tech House Essentials by Distortion
0.493,0.954,-2.301,0.0742,0.007,0.803,0.505,0.21,0.6807,0.271,12,Null,Riddim or die
0.813,0.417,-11.872,0.816,0.292,0.0,0.155,0.646,0.5163,0.1313,1,Street Degree (Ooh Ooh),Null
0.762,0.8,-6.163,0.0403,0.001,0.678,0.194,0.344,0.5629,0.2148,8,Null,Tech House 2020
0.73,0.993,-0.356,0.393,0.0874,0.0003,0.168,0.356,0.681,0.2348,12,Null,Riddim or die
0.745,0.967,-5.786,0.0898,0.0002,0.811,0.101,0.322,0.6719,0.4611,11,Null,Psytrance New Releases 2020
0.792,0.876,-2.856,0.228,0.0731,0.0,0.351,0.457,0.9195,0.2831,7,Wonda Why They Call U B____,Null
0.46,0.784,-2.898,0.029,0.195,0.0008,0.162,0.177,0.704,0.2407,14,Null,Best Hardstyle ever made
0.516,0.456,-8.638,0.0326,0.384,0.0634,0.0965,0.067,0.6447,0.2518,0,miracle,Null
0.634,0.77,-9.796,0.0843,0.0097,0.801,0.284,0.0651,0.5764,0.4646,9,Null,Top Techno Tracks 2020
0.783,0.545,-6.638,0.163,0.132,0.0667,0.248,0.251,0.672,0.1421,7,GHOST,Null
0.463,0.857,-3.063,0.0632,0.0506,0.0,0.184,0.856,0.5068,0.1773,3,Teenagers,Null
0.961,0.571,-4.001,0.177,0.013,0.0,0.0486,0.641,0.5675,0.2215,1,Headlocc (feat. Young Thug),Null
0.68,0.903,-4.583,0.0937,0.0006,0.0051,0.106,0.178,0.6266,0.2171,0,Find You,Null
0.555,0.807,-2.997,0.0543,0.005,0.0046,0.109,0.199,0.6804,0.2625,12,Null,I'm a fucking Headbanger
0.437,0.92,-7.298,0.0469,0.0018,0.484,0.365,0.178,0.6173,0.259,10,Null,Top Trance Songs EVER
0.766,0.53,-7.529,0.212,0.157,0.0,0.326,0.634,0.802,0.2633,7,Rumors,Null
0.766,0.949,1.408,0.0518,0.0906,0.0001,0.0994,0.517,0.6583,0.261,12,Null,Headbangers:Dubstep/Riddim
0.444,0.645,-5.696,0.271,0.0735,0.0,0.142,0.413,0.7711,0.2483,4,Uhohhh,Null
0.933,0.593,-8.995,0.451,0.0152,0.0,0.109,0.705,0.6172,0.233,1,"Centerfold (feat. Kid Trunks, 458 Keez & Danny Towers)",Null
0.762,0.41,-11.979,0.0551,0.278,0.0,0.157,0.0813,0.4542,0.2972,4,Still Cold / Pathway Private,Null
0.611,0.8,-5.715,0.0467,0.0542,0.587,0.0858,0.132,0.7943,0.3455,13,Null,Drum and Bass 2020
0.597,0.927,-5.871,0.0429,0.0003,0.828,0.138,0.135,0.6537,0.4819,11,Null,PSYTRANCE BANGERS best new 2020
0.485,0.629,-6.253,0.348,0.0728,0.0,0.0951,0.448,0.7423,0.2825,5,EmOGs,Null
0.74,0.898,-8.187,0.0696,0.0034,0.711,0.371,0.438,0.581,0.4477,8,Null,Dirtybird Players
0.506,0.535,-8.336,0.0368,0.0921,0.0016,0.81,0.116,0.5902,0.3114,0,Scintilla,Null
0.799,0.739,-8.944,0.0747,0.0092,0.525,0.113,0.393,0.5675,0.4731,8,Null,Tech House 2020
0.566,0.954,-4.678,0.0376,0.0041,0.0257,0.0943,0.887,0.5718,0.17,8,Null,Tech house
0.367,0.926,-4.947,0.31,0.005,0.0122,0.122,0.114,0.6786,0.2734,12,Null,Riddim Lords
0.419,0.994,-1.666,0.289,0.026,0.901,0.242,0.246,0.794,0.4055,13,Null,Drum and Bass - 2015 to 2020
0.815,0.636,-7.684,0.0486,0.0391,0.0707,0.0579,0.272,0.5719,0.1841,8,Null,Tech House 2020 - Best of Techno
0.613,0.614,-7.235,0.0439,0.0143,0.0,0.094,0.198,0.8533,0.2462,0,Me and You,Null
0.852,0.739,-6.015,0.434,0.0472,0.0,0.195,0.437,0.6351,0.1315,1,lil jeff hardy,Null
0.755,0.958,-1.886,0.24,0.0096,0.125,0.661,0.593,0.6581,0.1999,12,Null,RIDDIM 2020 & Riddim Hits
0.481,0.98,-5.121,0.0754,0.0005,0.0017,0.261,0.169,0.6266,0.2362,10,Null,Vocal Melodic Trance Top 1000
0.578,0.9,-3.662,0.0531,0.0547,0.0,0.145,0.378,0.6809,0.2245,14,Null,Euphoric Hardstyle
0.449,0.958,-5.838,0.0405,0.0,0.912,0.0971,0.0557,0.5992,0.5035,10,Null,Top Trance Songs EVER
0.513,0.914,-4.644,0.0629,0.0112,0.0011,0.121,0.094,0.7129,0.2276,14,Null,Ready2GetMaggot?
0.748,0.258,-7.667,0.0664,0.188,0.0,0.0905,0.138,0.6273,0.1237,1,Heaven,Null
0.837,0.586,-8.521,0.0807,0.281,0.0,0.134,0.618,0.5314,0.2158,4,COOLER THAN A BITCH (feat. Roddy Ricch),Null
0.767,0.569,-6.805,0.216,0.0099,0.0,0.109,0.524,0.6996,0.2151,7,Ain't It Different (feat. AJ Tracey & Stormzy),Null
0.757,0.76,-6.329,0.1,0.0207,0.865,0.354,0.114,0.6265,0.3429,0,Hold Me,Null
0.36,0.716,-6.181,0.34,0.2,0.0,0.581,0.274,0.7808,0.3497,7,IFHY (feat. Pharrell),Null
0.611,0.781,-11.687,0.0694,0.0916,0.837,0.651,0.342,0.6266,0.3614,9,Null,Techno Bangers
0.723,0.459,-10.259,0.239,0.001,0.0,0.11,0.313,0.6354,0.2159,2,P.S Fuck You Cunt (feat. Lil Peep),Null
0.37,0.903,-5.664,0.0296,0.0002,0.0204,0.143,0.111,0.79,0.3143,13,Null,UKF Drum & Bass - All Uploads
0.937,0.659,-6.122,0.23,0.171,0.0,0.336,0.652,0.5085,0.1596,7,Catch Me Outside,Null
0.524,0.904,-2.071,0.398,0.0533,0.0,0.776,0.655,0.7317,0.2782,6,Survivor,Null
0.802,0.591,-4.895,0.225,0.0104,0.0,0.196,0.309,0.6349,0.1727,4,OUT WEST (feat. Young Thug),Null
0.435,0.977,-2.081,0.109,0.0594,0.0,0.0674,0.301,0.695,0.2333,14,Null,Q-Dance | Hardstyle | Top 100 | 2019
0.563,0.961,-1.575,0.205,0.0496,0.0259,0.212,0.185,0.6807,0.2033,12,Null,Lost Lands 2019
0.531,0.945,-1.378,0.04,0.258,0.0,0.158,0.326,0.7037,0.2239,14,Null,Hardstyle 2020 | Updated Weekly
0.496,0.947,-9.069,0.0439,0.0003,0.001,0.0862,0.396,0.6173,0.2496,10,Null,Top Trance Songs EVER
0.471,0.918,-2.808,0.092,0.143,0.0,0.167,0.643,0.6727,0.2082,3,Find Your Way,Null
0.769,0.669,-11.596,0.0593,0.0251,0.932,0.0947,0.0367,0.5902,0.4802,9,Null,techno. only. (08/02)
0.74,0.613,-4.88,0.145,0.258,0.0037,0.123,0.473,0.6811,0.1825,0,SAD!,Null
0.411,0.79,-7.135,0.107,0.177,0.0352,0.124,0.0554,0.5902,0.2912,0,May Not Be,Null
0.548,0.929,-5.005,0.0526,0.0856,0.0,0.281,0.609,0.703,0.1882,14,Null,Best of Hardstyle 2020
0.802,0.82,-4.906,0.042,0.0001,0.111,0.321,0.398,0.5629,0.2459,8,Null,Tech House by DOT Dance
0.669,0.58,-8.855,0.174,0.142,0.0,0.125,0.409,0.726,0.1978,6,Backend,Null
0.696,0.666,-2.431,0.0382,0.0376,0.327,0.217,0.148,0.5448,0.2425,4,Boy Red,Null
0.796,0.412,-8.878,0.161,0.869,0.277,0.306,0.804,0.5446,0.1249,7,Honey,Null
0.487,0.74,-4.973,0.0944,0.157,0.0,0.612,0.522,0.3349,0.199,4,GO (feat. Juice WRLD),Null
0.605,0.963,0.634,0.0681,0.0125,0.788,0.434,0.42,0.6583,0.2103,12,Null,Riddim or die
0.312,0.813,-6.481,0.0395,0.0609,0.0124,0.4,0.202,0.6814,0.2331,14,Null,Hardstyle 2020
0.789,0.777,-5.69,0.132,0.0526,0.0,0.453,0.935,0.6451,0.1999,4,Iced Out Audemars (feat. Dafi Woo),Null
0.586,0.87,-4.054,0.172,0.002,0.475,0.439,0.257,0.6812,0.2366,12,Null,Lost Lands 2020
0.749,0.925,-5.034,0.227,0.241,0.0,0.52,0.641,0.7898,0.2885,7,Love The Way You Lie,Null
0.606,0.915,-6.564,0.04,0.0,0.865,0.528,0.155,0.6583,0.4278,11,Null,Psytrance 2020
0.57,0.703,-11.828,0.0521,0.0944,0.873,0.205,0.0393,0.5447,0.136,0,SECRET MESSAGE,Null
0.659,0.825,-8.112,0.096,0.0027,0.762,0.0811,0.135,0.6355,0.4656,11,Null,PsyTrance 2019 By GMR
0.716,0.726,-10.298,0.212,0.0672,0.0,0.335,0.716,0.8178,0.3222,7,Aint Nobody Gafflin Me,Null
0.796,0.826,-5.092,0.0599,0.0057,0.57,0.0466,0.689,0.5628,0.3498,8,Null,Tech House Music 2020
0.516,0.884,-3.706,0.0448,0.0003,0.0003,0.0478,0.448,0.4901,0.3681,3,Diamond Eyes (Boom-Lay Boom-Lay Boom),Null
0.451,0.946,-3.581,0.0904,0.0003,0.895,0.411,0.146,0.7898,0.3142,13,Null,UKF Drum & Bass - All Uploads
0.253,0.662,-4.877,0.0427,0.0378,0.0487,0.111,0.0589,0.8166,0.3154,0,Neo Tears,Null
0.81,0.353,-9.931,0.31,0.588,0.0,0.102,0.0727,0.3996,0.2281,4,10 Freaky Girls (with 21 Savage),Null
0.709,0.909,-7.978,0.0734,0.0002,0.769,0.0965,0.0752,0.6128,0.4348,9,Null,Dark Techno Rave
0.233,0.958,-2.615,0.0935,0.0599,0.0002,0.0913,0.0823,0.6814,0.2787,14,Null,Euphoric Hardstyle
0.655,0.893,-5.127,0.0428,0.0024,0.0089,0.124,0.538,0.5629,0.1959,8,Null,Tech House Essentials by Distortion
0.771,0.316,-15.062,0.073,0.138,0.0,0.103,0.112,0.5944,0.1936,1,Kill Tek Piece (feat. Lil Mosey),Null
0.662,0.507,-8.238,0.118,0.257,0.0,0.0465,0.676,0.7845,0.2447,5,My Boo,Null
0.848,0.327,-16.44,0.353,0.256,0.0,0.108,0.718,0.6083,0.2042,1,Jump Off,Null
0.86,0.305,-15.617,0.387,0.322,0.0,0.0641,0.276,0.7717,0.2351,7,Wya? (feat. Ugly God) - Remix,Null
0.771,0.523,-7.62,0.0469,0.225,0.0198,0.105,0.439,0.6536,0.2223,6,Beyonc√©,Null
0.6,0.988,-0.448,0.212,0.0655,0.0623,0.0703,0.158,0.6583,0.2029,12,Null,Riddim or die
0.775,0.93,-8.144,0.0446,0.0011,0.923,0.068,0.0345,0.581,0.5849,9,Null,Techno
0.471,0.955,-6.389,0.0588,0.0002,0.702,0.075,0.245,0.6583,0.4713,11,Null,PSYTRANCE BANGERS best new 2020
0.875,0.81,-6.836,0.0843,0.04,0.916,0.077,0.349,0.5811,0.3985,8,Null,Dirtybird Players
0.897,0.84,-6.759,0.0775,0.0049,0.452,0.675,0.267,0.572,0.3891,8,Null,Dirtybird House
0.657,0.822,-4.612,0.0535,0.37,0.0,0.104,0.536,0.7265,0.2635,1,Driving Ms Daisy,Null
0.687,0.792,-2.749,0.0452,0.191,0.0,0.167,0.671,0.908,0.2347,6,Happier,Null
0.646,0.988,-5.287,0.13,0.0029,0.747,0.182,0.0808,0.6355,0.2403,10,Null,Trance Mission
0.434,0.953,-4.126,0.212,0.0283,0.0395,0.129,0.132,0.6809,0.1805,14,Null,Euphoric Hardstyle - 2020
0.748,0.687,-7.227,0.0341,0.0018,0.892,0.0732,0.228,0.6084,0.5029,11,Null,Best Psytrance 2020
0.861,0.329,-9.838,0.529,0.0377,0.0,0.235,0.541,0.6488,0.2059,1,Composure,Null
0.843,0.432,-9.621,0.159,0.052,0.0,0.106,0.234,0.8805,0.1465,1,All Facts,Null
0.638,0.989,-6.095,0.0554,0.0002,0.825,0.306,0.468,0.6809,0.4591,11,Null,Psytrance Can
0.461,0.973,-3.012,0.138,0.009,0.725,0.112,0.0471,0.7809,0.3873,13,Null,Liqduicity Drum & Bass
0.72,0.731,-6.206,0.0617,0.0012,0.0,0.246,0.246,0.5903,0.1982,1,Killing (feat. Terror Reid),Null
0.709,0.86,-5.319,0.0427,0.0016,0.0859,0.0337,0.707,0.5672,0.2439,8,Null,Dirtybird//Techhouse by Mack\
0.628,0.772,-6.842,0.036,0.34,0.0,0.115,0.0748,0.5446,0.2299,0,Mysteryman 2,Null
0.669,0.747,-11.719,0.0527,0.0001,0.892,0.0923,0.0244,0.572,0.4197,9,Null,Dark Techno Rave
0.53,0.862,-7.116,0.051,0.0001,0.527,0.132,0.167,0.5947,0.4075,10,Null,Vocal Melodic Trance Top 1000
0.896,0.419,-10.219,0.282,0.0508,0.0007,0.11,0.202,0.5721,0.1309,0,Basher,Null
0.537,0.921,-3.798,0.0425,0.0022,0.967,0.156,0.311,0.6129,0.1929,10,Null,State if Trance (The best ASOT Epsidoes)
0.673,0.704,-8.056,0.36,0.196,0.0,0.0898,0.372,0.7891,0.2323,6,Holy (feat. Chance The Rapper),Null
0.697,0.959,-1.329,0.0841,0.0503,0.0,0.176,0.279,0.5901,0.1497,2,we came frxm the DIRT,Null
0.756,0.525,-8.565,0.108,0.214,0.0,0.224,0.501,0.8252,0.219,7,No Other Way,Null
0.676,0.578,-8.379,0.0809,0.0361,0.0012,0.0775,0.116,0.6808,0.1578,1,Torture Chambers,Null
0.777,0.364,-7.514,0.0729,0.368,0.0,0.0772,0.187,0.5671,0.203,7,Gold,Null
0.791,0.854,-6.121,0.324,0.0359,0.0,0.314,0.316,0.6357,0.0831,1,Fist Fight,Null
0.483,0.531,-8.593,0.245,0.164,0.0,0.113,0.196,0.7261,0.1738,7,Night Rider,Null
0.732,0.73,-6.61,0.21,0.423,0.0,0.11,0.426,0.8177,0.1969,0,Aftershock,Null
0.489,0.934,-4.308,0.08,0.0311,0.0,0.433,0.473,0.5719,0.1821,3,I Must Be Dreaming,Null
0.62,0.574,-7.788,0.0479,0.569,0.0,0.19,0.357,0.9081,0.274,6,1-800-273-8255,Null
0.438,0.965,-3.448,0.147,0.0011,0.151,0.365,0.134,0.6811,0.2537,14,Null,Ready2GetMaggot?
0.394,0.744,-5.465,0.276,0.0018,0.0,0.308,0.772,0.7145,0.2592,5,We Ride,Null
0.7,0.888,-3.627,0.158,0.0128,0.0077,0.099,0.568,0.6813,0.2103,12,Null,Riddim or die
0.582,0.525,-7.163,0.0627,0.111,0.0,0.134,0.51,0.6049,0.285,5,Die For You,Null
0.609,0.946,-5.101,0.069,0.0192,0.604,0.561,0.0872,0.5584,0.2298,8,Null,Tech House Music 2020
0.691,0.493,-11.868,0.0857,0.0045,0.0145,0.826,0.0394,0.6629,0.1811,0,Venvm,Null
0.469,0.717,-4.972,0.187,0.423,0.0015,0.128,0.272,0.7444,0.1435,0,Chariot Of Fire,Null
0.822,0.55,-8.173,0.31,0.333,0.0041,0.254,0.217,0.5814,0.1561,2,6 6 6 F O R E V E R,Null
0.42,0.744,-5.033,0.396,0.398,0.0,0.192,0.324,0.7345,0.3314,7,Ambition (feat. Meek Mill & Rick Ross),Null
0.756,0.76,-4.912,0.0493,0.0105,0.0017,0.498,0.256,0.9532,0.1533,2,DON'T TRUST ANYONE! ($UICIDEBOY$ X TRAVIS BARKER),Null
0.574,0.573,-7.079,0.085,0.392,0.0,0.0933,0.626,0.6187,0.3527,5,All Night,Null
0.766,0.793,-6.638,0.165,0.0294,0.0,0.173,0.647,0.8346,0.2856,7,Halftime,Null
0.472,0.715,-7.285,0.0509,0.0099,0.177,0.292,0.0946,0.6811,0.3601,14,Null,Euphoric Hardstyle & Melodic Hardstyle
0.7,0.859,-6.893,0.0646,0.0002,0.864,0.139,0.147,0.5901,0.3963,9,Null,techno. only. (08/02)
0.772,0.256,-8.545,0.0481,0.491,0.0061,0.144,0.357,0.5398,0.2303,5,Easily,Null
0.864,0.742,-7.513,0.176,0.0135,0.322,0.0775,0.804,0.5721,0.4007,9,Null,Techno
0.692,0.877,-7.674,0.106,0.128,0.927,0.111,0.26,0.5221,0.1829,0,Vanquish,Null
0.705,0.911,-7.398,0.0497,0.0,0.844,0.364,0.238,0.6583,0.4302,11,Null,Psytrance: From Full on to Forrest Trance
0.577,0.934,-3.999,0.128,0.0056,0.0,0.0484,0.54,0.6219,0.2198,3,Blonde,Null
0.646,0.696,-5.572,0.342,0.0192,0.0,0.0762,0.625,0.8433,0.2272,6,Gold Digger,Null
0.351,0.622,-6.495,0.235,0.256,0.0,0.613,0.457,0.757,0.2775,7,She,Null
0.86,0.62,-6.986,0.184,0.0106,0.0,0.104,0.177,0.7267,0.1067,1,Pneumonia,Null
0.608,0.997,-5.276,0.0854,0.0001,0.846,0.124,0.415,0.6583,0.539,11,Null,PSYTRANCE BANGERS best new 2020
0.47,0.805,-6.784,0.387,0.0024,0.0,0.323,0.565,0.6529,0.2986,1,Bitch I'm Lugubrious,Null
0.798,0.98,-5.376,0.0452,0.0041,0.779,0.0818,0.368,0.5765,0.2675,8,Null,Beatoirt Best New Tech House
0.662,0.874,-5.901,0.0368,0.0022,0.934,0.139,0.0475,0.6135,0.2259,0,Skull Kavern,Null
0.583,0.829,-4.603,0.134,0.0086,0.0,0.0426,0.575,0.79,0.3023,5,Umbrella,Null
0.452,0.828,-4.53,0.0405,0.0059,0.0001,0.129,0.229,0.6805,0.2751,14,Null,Ready2GetMaggot?
0.632,0.912,-8.562,0.0393,0.0,0.788,0.774,0.346,0.6719,0.4769,11,Null,Psytrance Can
0.79,0.518,-6.571,0.212,0.0936,0.0,0.357,0.487,0.8896,0.1663,1,Nun Major,Null
0.571,0.923,-2.597,0.0658,0.0005,0.215,0.143,0.465,0.6819,0.2015,12,Null,HEADBANGERS:Dubstep/Riddim
0.535,0.812,-3.825,0.045,0.0343,0.0,0.205,0.499,0.6587,0.2249,14,Null,Ready2GetMaggot?
0.627,0.886,-9.95,0.0394,0.0016,0.872,0.111,0.144,0.5811,0.5279,9,Null,|DARK|HARD|TECHNO
0.42,0.885,-4.33,0.045,0.0105,0.0,0.0801,0.321,0.6815,0.2089,14,Null,Best Hardstyle ever made
0.754,0.773,-2.079,0.119,0.29,0.0,0.0997,0.803,0.7721,0.1238,0,run?,Null
0.448,0.639,-7.578,0.179,0.476,0.0,0.178,0.358,0.766,0.2208,3,Tranen In De Studio,Null
0.458,0.988,-7.523,0.157,0.0013,0.443,0.117,0.191,0.6174,0.2256,10,Null,Vocal Melodic Trance Top 1000
0.548,0.834,-4.376,0.0821,0.0068,0.298,0.092,0.28,0.6805,0.347,14,Null,Euphoric Hardstyle
0.374,0.979,-3.64,0.0379,0.0208,0.0011,0.289,0.272,0.79,0.2115,13,Null,Liqduicity Drum & Bass
0.626,0.92,-6.688,0.0463,0.0,0.774,0.935,0.669,0.6582,0.4496,11,Null,Psytrance: From Full on to Forrest Trance
0.851,0.502,-10.13,0.336,0.447,0.0,0.107,0.893,0.6353,0.1411,1,Don't Panic (feat. Sheff G),Null
0.823,0.536,-9.199,0.308,0.0311,0.0001,0.146,0.217,0.5447,0.2673,4,Deserve,Null
0.573,0.98,-1.326,0.158,0.002,0.855,0.0659,0.144,0.7716,0.4834,13,Null,DRUM & BASS 2020
0.398,0.954,-7.373,0.0715,0.0133,0.0002,0.0891,0.433,0.7162,0.1627,3,What's My Age Again?,Null
0.766,0.657,-5.55,0.0911,0.0171,0.0,0.714,0.232,0.5449,0.2093,0,Bag of Dope,Null
0.726,0.431,-8.765,0.135,0.731,0.0,0.696,0.348,0.6538,0.1898,6,death bed (coffee for your head),Null
0.404,0.941,-5.228,0.246,0.003,0.0,0.64,0.0943,0.7034,0.2035,14,Null,Euphoric Hardstyle
0.821,0.836,-7.697,0.112,0.0015,0.755,0.0834,0.618,0.5765,0.3974,8,Null,Beatoirt Best New Tech House
0.714,0.765,-6.215,0.354,0.0105,0.0,0.566,0.52,0.6808,0.153,1,r - Cali,Null
0.874,0.611,-6.881,0.065,0.0372,0.331,0.0475,0.893,0.5629,0.3856,8,Null,tech house
0.67,0.837,-2.7,0.433,0.1,0.0,0.375,0.614,0.6854,0.168,1,Sk8board P,Null
0.735,0.838,-11.701,0.114,0.0001,0.855,0.108,0.0353,0.59,0.3967,9,Null,Dark Techno Rave
0.8,0.597,-7.835,0.107,0.257,0.0,0.185,0.634,0.6809,0.3507,1,Meet Again,Null
0.73,0.588,-8.837,0.0548,0.157,0.009,0.106,0.275,0.6538,0.1606,1,Carmine,Null
0.849,0.362,-8.585,0.41,0.519,0.0,0.233,0.419,0.7367,0.2597,1,Reckless,Null
0.79,0.623,-12.853,0.0747,0.0157,0.957,0.111,0.418,0.5674,0.3721,9,Null,Dark Techno Rave
0.502,0.772,-7.202,0.0713,0.0026,0.839,0.146,0.159,0.7945,0.3466,13,Null,Liquid Drum & Bass
0.607,0.749,-4.497,0.0728,0.0064,0.0001,0.234,0.18,0.553,0.1382,1,Exodus,Null
0.579,0.904,-2.729,0.0618,0.193,0.0,0.064,0.681,0.7446,0.2091,3,High Hopes,Null
0.812,0.747,-10.02,0.0602,0.0024,0.915,0.0782,0.168,0.5629,0.3831,8,Null,tech house
0.797,0.94,-5.41,0.0672,0.0006,0.768,0.585,0.665,0.5765,0.3726,8,Null,Dirtybird Players
0.734,0.724,-5.648,0.267,0.0133,0.0,0.248,0.256,0.7719,0.2227,2,Great Influence,Null
0.743,0.857,-5.866,0.185,0.406,0.793,0.642,0.429,0.5722,0.2491,8,Null,Tech House 2020
0.598,0.217,-14.45,0.256,0.346,0.0,0.103,0.45,0.7267,0.2527,1,333 Angels,Null
0.838,0.615,-4.98,0.0474,0.0732,0.0,0.169,0.47,0.9171,0.1476,1,Juice,Null
0.812,0.398,-9.832,0.105,0.453,0.0,0.12,0.189,0.5445,0.241,4,Neither Do I,Null
0.543,0.909,-3.199,0.284,0.0254,0.0,0.126,0.43,0.6348,0.1502,0,AREYOUREADYKIDS?,Null
0.822,0.677,-10.503,0.178,0.0005,0.885,0.111,0.217,0.572,0.5429,9,Null,Techno
0.646,0.999,-11.023,0.0524,0.0836,0.895,0.94,0.0273,0.6219,0.3553,9,Null,Dark Techno Rave
0.585,0.471,-9.934,0.0616,0.0967,0.0184,0.115,0.323,0.8452,0.1555,7,Star Shopping,Null
0.494,0.826,-4.78,0.0633,0.0209,0.0,0.0649,0.293,0.7259,0.1906,12,Null,Trap & Bass 2020
0.847,0.934,-5.381,0.0442,0.0078,0.494,0.0797,0.863,0.5721,0.2543,8,Null,Tech House
0.675,0.23,-10.363,0.204,0.191,0.0,0.104,0.101,0.7897,0.2321,4,Dreamcatcher (feat. Swae Lee & Travis Scott),Null
0.528,0.96,-2.596,0.305,0.275,0.0,0.157,0.253,0.9539,0.0964,2,I Crushed the Head of the Serpent,Null
0.525,0.997,-0.621,0.26,0.0005,0.238,0.101,0.134,0.681,0.2313,12,Null,I'm a fucking Headbanger
0.508,0.463,-9.109,0.379,0.32,0.0,0.113,0.594,0.8534,0.2016,5,Vibe,Null
0.465,0.949,-4.488,0.11,0.0381,0.0,0.115,0.343,0.5721,0.2423,3,Fallen (feat. Hayley Williams),Null
0.63,0.992,-7.802,0.0983,0.0091,0.765,0.197,0.319,0.6264,0.3943,10,Null,"Uplifting Trance, Euphoric Trance"
0.667,0.604,-8.021,0.216,0.447,0.0,0.312,0.646,0.5537,0.2512,5,Green Light 713,Null
0.613,0.6,-7.097,0.154,0.166,0.0,0.117,0.532,0.6676,0.2448,1,Roses (with Juice WRLD feat. Brendon Urie),Null
0.497,0.77,-4.298,0.0757,0.0472,0.0,0.102,0.47,0.7621,0.234,7,Sex with My Ex,Null
0.44,0.942,-5.024,0.0459,0.0004,0.866,0.627,0.368,0.7899,0.3155,13,Null,UKF Drum & Bass - All Uploads
0.479,0.935,-2.068,0.0882,0.0521,0.0578,0.132,0.214,0.6816,0.2383,12,Null,"Buygore: Dubstep, Riddim, Trap and More"
0.665,0.94,-1.037,0.307,0.0126,0.341,0.129,0.528,0.6808,0.285,12,Null,Lost Lands 2019
0.787,0.751,-5.171,0.0846,0.0127,0.0001,0.141,0.53,0.5447,0.3418,1,VIVIVI,Null
0.758,0.606,-6.444,0.0325,0.282,0.0,0.144,0.361,0.49,0.2628,3,Into The Ocean,Null
0.735,0.843,-9.353,0.0418,0.0245,0.925,0.116,0.287,0.6083,0.4433,9,Null,Dark Techno Rave
0.594,0.575,-11.609,0.0589,0.0002,0.929,0.112,0.0378,0.572,0.3859,9,Null,|DARK|HARD|TECHNO
0.673,0.748,-8.134,0.0444,0.0095,0.0198,0.362,0.148,0.5947,0.2219,10,Null,Vocal Melodic Trance Top 1000
0.762,0.547,-10.71,0.0871,0.0343,0.0,0.135,0.509,0.781,0.0978,5,Wokstar,Null
0.728,0.682,-5.77,0.179,0.0889,0.0,0.161,0.629,0.8395,0.2313,7,Old Man Wildin',Null
0.649,0.741,-11.668,0.0495,0.0001,0.77,0.312,0.0623,0.6803,0.6044,11,Null,Psytrance New Releases 2020
0.383,0.59,-8.148,0.154,0.0908,0.0374,0.136,0.151,0.5222,0.2681,0,Weightlessness,Null
0.678,0.832,-2.535,0.343,0.0022,0.174,0.236,0.152,0.6808,0.2383,12,Null,Riddim Dubstep 2017-2018-2019
0.844,0.553,-7.284,0.356,0.156,0.0,0.0816,0.511,0.5218,0.3108,7,Vice City (feat. Black Hippy),Null
0.839,0.81,-5.274,0.0568,0.501,0.0,0.117,0.814,0.5857,0.2292,7,Drowning (feat. Kodak Black),Null
0.593,0.581,-7.723,0.361,0.0571,0.0,0.0977,0.253,0.799,0.2682,1,Blood Diamonds,Null
0.821,0.744,-7.879,0.34,0.073,0.0009,0.233,0.595,0.663,0.1626,1,Push It Back,Null
0.814,0.419,-8.639,0.409,0.0038,0.0,0.0756,0.208,0.9095,0.1827,1,U A Snitch,Null
0.709,0.66,-10.266,0.0478,0.692,0.113,0.1,0.148,0.581,0.2038,0,crumbling / suicide note,Null
0.598,0.723,-7.179,0.181,0.0053,0.0,0.41,0.379,0.7266,0.1977,1,P.A.T. FEAT. PLAYTHATBOIZAY,Null
0.644,0.518,-10.02,0.0805,0.0065,0.0,0.158,0.464,0.7708,0.2781,5,Over And Over - Album Version / Explicit,Null
0.905,0.647,-5.065,0.107,0.0187,0.0,0.282,0.367,0.5945,0.2087,1,Hello (feat. A Boogie Wit da Hoodie),Null
0.812,0.852,-10.018,0.0569,0.002,0.966,0.115,0.537,0.5675,0.5551,8,Null,Tech House 2020
0.223,0.678,-7.36,0.0425,0.0122,0.0002,0.333,0.164,0.6778,0.2807,14,Null,Greatest Hardstyle Playlist
0.592,0.775,-3.95,0.0656,0.0456,0.0018,0.0761,0.557,0.6812,0.3329,14,Null,Euphoric Hardstyle
0.921,0.508,-8.306,0.418,0.679,0.0,0.116,0.531,0.581,0.1317,2,WITHOUT A QUESTION,Null
0.885,0.52,-8.353,0.359,0.0002,0.0,0.454,0.306,0.3814,0.1628,4,1.5,Null
0.62,0.925,-7.382,0.0752,0.002,0.878,0.779,0.168,0.6265,0.4006,11,Null,Psytrance Can
0.913,0.883,-8.785,0.155,0.043,0.401,0.104,0.538,0.572,0.3546,8,Null,Dirtybird//Techhouse by Mack\
0.669,0.975,-1.328,0.0672,0.001,0.334,0.1,0.0789,0.6811,0.2664,12,Null,Lost Lands 2020
0.709,0.843,-14.137,0.049,0.0964,0.918,0.076,0.039,0.5783,0.1945,9,Null,True Techno
0.811,0.445,-10.105,0.274,0.0453,0.0,0.109,0.25,0.4721,0.1688,7,Null,Null
0.835,0.846,-3.279,0.0582,0.0027,0.0934,0.0972,0.321,0.6356,0.2478,12,Null,I'm a fucking Headbanger
0.771,0.845,-6.734,0.167,0.0487,0.0005,0.223,0.796,0.5628,0.2067,8,Null,Tech House Top 50
0.753,0.742,-8.202,0.0543,0.0188,0.654,0.0948,0.478,0.5674,0.4879,8,Null,Dirtybird House
0.616,0.972,-5.643,0.0601,0.0021,0.678,0.106,0.175,0.6582,0.5348,11,Null,Psytrance 2020
0.37,0.925,-3.935,0.0436,0.0007,0.0003,0.142,0.119,0.7944,0.2999,13,Null,Fingah Pistols!
0.44,0.995,-4.474,0.0448,0.0017,0.0859,0.535,0.178,0.6264,0.2065,10,Null,Uplifting | Trance
0.729,0.767,-8.432,0.216,0.0026,0.767,0.665,0.0636,0.5674,0.5468,9,Null,Dark Techno
0.602,0.948,-3.372,0.0502,0.0396,0.0,0.186,0.812,0.6806,0.1679,14,Null,Euphoric Hardstyle & Melodic Hardstyle
0.426,0.907,-5.068,0.128,0.274,0.0085,0.426,0.294,0.693,0.2835,14,Null,Best of Hardstyle 2020
0.173,0.958,-1.841,0.116,0.0007,0.0,0.774,0.204,0.8645,0.1644,2,TELL ME YXU LXVE ME,Null
0.592,0.601,-10.643,0.213,0.0018,0.749,0.258,0.459,0.608,0.3806,10,Null,Anjunabeats Volumes 1 - 14
0.541,0.634,-5.169,0.264,0.0699,0.0,0.115,0.195,0.7794,0.297,7,Get Back,Null
0.612,0.966,-2.232,0.38,0.0345,0.0,0.64,0.832,0.6354,0.1084,2,Metamorphosis,Null
0.41,0.991,-5.143,0.236,0.136,0.0032,0.254,0.174,0.6271,0.2286,10,Null,UPLIFTING TRANCE 2020
0.687,0.834,-3.903,0.0901,0.0046,0.0,0.349,0.375,0.7724,0.1649,1,White Parents Are Gonna Hate This,Null
0.872,0.61,-9.508,0.0844,0.0391,0.0,0.105,0.419,0.5631,0.1367,2,"Hello, Metal",Null
0.589,0.968,-5.014,0.0473,0.0001,0.853,0.169,0.235,0.6491,0.5459,11,Null,PsytranceL Full on Progressive (&Goa)
0.712,0.462,-10.004,0.0347,0.16,0.898,0.167,0.125,0.6265,0.2529,0,Capillaries,Null
0.492,0.641,-8.145,0.224,0.286,0.0,0.0673,0.23,0.9341,0.3841,2,BAD BLOOD,Null
0.672,0.788,-8.393,0.0398,0.123,0.367,0.0829,0.357,0.5538,0.224,8,Null,Tech House 2020 - Best of Techno
0.84,0.398,-10.588,0.0906,0.0801,0.0,0.117,0.432,0.5353,0.17,1,Believe,Null
0.675,0.763,-6.232,0.368,0.0198,0.0,0.109,0.376,0.6124,0.2891,4,Did it Again (Jay Critch),Null
0.87,0.557,-6.867,0.0501,0.0429,0.0,0.155,0.646,0.9624,0.1637,2,Rideau Swing,Null
0.551,0.771,-7.632,0.05,0.0302,0.068,0.269,0.324,0.7899,0.2545,13,Null,Drum and Bass 2020 (Drum & Bass Music - DNB Hits)
0.489,0.877,-3.072,0.0373,0.0094,0.0318,0.266,0.236,0.7898,0.2843,13,Null,Liqduicity Drum & Bass
0.722,0.519,-12.871,0.0516,0.0253,0.0114,0.189,0.128,0.9078,0.1575,0,WhatWasThat,Null
0.713,0.245,-15.439,0.287,0.716,0.208,0.157,0.128,0.6901,0.1691,0,Humble,Null
0.866,0.648,-3.675,0.0543,0.009,0.0,0.0967,0.0798,0.6812,0.1542,7,Saint,Null
0.496,0.956,-0.703,0.113,0.0015,0.0315,0.362,0.393,0.79,0.2992,13,Null,DRUM & BASS 2020
0.744,0.696,-8.313,0.162,0.0535,0.0454,0.128,0.563,0.8631,0.2231,7,Heard 'Em Say,Null
0.405,0.918,-3.278,0.0689,0.0078,0.0389,0.0998,0.0333,0.6807,0.3936,14,Null,Euphoric Hardstyle
0.496,0.754,-5.48,0.32,0.0032,0.0,0.259,0.749,0.6951,0.3436,5,EveryGirl In The World - Album Version (Edited),Null
0.736,0.323,-18.813,0.24,0.0704,0.307,0.11,0.585,0.6673,0.1324,1,Adderall,Null
0.456,0.908,-4.622,0.0537,0.0,0.509,0.154,0.118,0.79,0.3233,13,Null,Drum and Bass - 2015 to 2020
0.501,0.167,-14.061,0.0484,0.885,0.0,0.111,0.356,0.5097,0.2502,3,Happiest Year,Null
0.791,0.967,-6.429,0.0569,0.0015,0.896,0.0663,0.396,0.5765,0.4004,9,Null,Minimal Techno: The Dark Undergound
0.788,0.759,-8.522,0.059,0.0031,0.247,0.0952,0.221,0.5674,0.3538,8,Null,Dirtybird House
0.688,0.76,-9.177,0.0712,0.029,0.396,0.0405,0.305,0.6807,0.3049,14,Null,Euphoric Hardstyle
0.735,0.79,-3.633,0.0643,0.0211,0.0189,0.147,0.173,0.6672,0.1204,1,Bungee Gum,Null
0.44,0.909,-1.867,0.0579,0.0052,0.732,0.144,0.144,0.613,0.2726,0,Don't Let Go,Null
0.558,0.974,-2.439,0.136,0.0007,0.0346,0.364,0.291,0.6809,0.2464,12,Null,Headbangers:Dubstep/Riddim
0.663,0.891,-6.879,0.397,0.0036,0.0,0.19,0.463,0.7354,0.4181,1,Annihilation Of The Evil Machine,Null
0.595,0.863,-1.335,0.159,0.0164,0.0,0.253,0.353,0.7264,0.1183,2,3days,Null
0.758,0.772,-5.131,0.411,0.0233,0.0,0.186,0.392,0.7496,0.1546,1,I Need a Bundle,Null
0.757,0.625,-7.271,0.143,0.336,0.345,0.129,0.389,0.6629,0.1887,1,Human (feat. Night Lovell),Null
0.654,0.817,-4.908,0.266,0.0816,0.0,0.41,0.794,0.581,0.2023,3,D√©j√† Vu,Null
0.442,0.837,-7.557,0.0483,0.0024,0.493,0.105,0.0386,0.6173,0.4097,10,Null,Best of Trance
0.544,0.942,-2.552,0.0464,0.0355,0.435,0.631,0.303,0.7897,0.3154,13,Null,Drum and Bass Top 50
0.572,0.572,-8.324,0.3,0.254,0.0,0.191,0.61,0.8616,0.2269,5,So Sick,Null
0.862,0.865,-5.484,0.292,0.272,0.0,0.118,0.892,0.8358,0.1942,1,Slime (feat. Lil Keed),Null
0.63,0.955,-2.268,0.102,0.0014,0.508,0.121,0.499,0.6813,0.2944,12,Null,Lost Lands 2020
0.763,0.719,-10.021,0.0515,0.0107,0.813,0.0987,0.235,0.6128,0.4402,11,Null,PsyTrance 2020 felipe
0.675,0.823,-6.534,0.0887,0.0131,0.0147,0.0981,0.131,0.572,0.4557,9,Null,Techno Music 2020 | Best Techno
0.513,0.996,-7.366,0.142,0.0005,0.411,0.0962,0.0587,0.6356,0.3586,10,Null,Uplifting Trance.
0.424,0.933,-5.813,0.0648,0.0001,0.0,0.222,0.359,0.7628,0.2321,3,Pages,Null
0.676,0.851,-11.27,0.0401,0.0005,0.901,0.0443,0.0494,0.5855,0.3707,9,Null,Techno Music Matters
0.544,0.377,-12.321,0.179,0.0296,0.0001,0.152,0.266,0.8714,0.1739,2,I'll Pay For It (If I Want It),Null
0.863,0.62,-10.487,0.238,0.0709,0.396,0.13,0.701,0.6806,0.1984,0,Mac Attack,Null
0.548,0.874,-4.885,0.042,0.0009,0.145,0.869,0.425,0.6264,0.1939,10,Null,Uplifting Trance 2019
0.802,0.547,-12.085,0.131,0.0312,0.0,0.326,0.492,0.786,0.284,7,Getto Jam,Null
0.664,0.742,-9.172,0.363,0.0015,0.0001,0.162,0.517,0.6585,0.2332,2,MOSH PIT,Null
0.532,0.84,-12.236,0.0842,0.0007,0.731,0.652,0.106,0.6172,0.16,10,Null,State if Trance (The best ASOT Epsidoes)
0.809,0.99,-4.949,0.0733,0.0004,0.809,0.148,0.769,0.563,0.4072,8,Null,Tech House
0.737,0.854,-6.414,0.221,0.0475,0.0,0.0905,0.65,0.6837,0.1819,1,Ballin,Null
0.425,0.887,-3.614,0.0501,0.0,0.859,0.371,0.401,0.79,0.2948,13,Null,UKF Drum & Bass - All Uploads
0.71,0.469,-6.644,0.251,0.168,0.0,0.132,0.195,0.6306,0.1703,2,Peso,Null
0.85,0.738,-6.999,0.0734,0.0059,0.0915,0.0882,0.54,0.572,0.3695,8,Null,Dirtybird Players
0.806,0.756,-4.093,0.208,0.385,0.0,0.11,0.637,0.6445,0.3109,4,Confessions of a Dangerous Mind,Null
0.842,0.578,-6.05,0.138,0.0042,0.0,0.228,0.19,0.3382,0.2593,4,YELL OH,Null
0.804,0.811,-5.716,0.0837,0.11,0.0,0.0952,0.762,0.6809,0.1983,1,Filet Mignon,Null
0.5,0.672,-9.204,0.0886,0.0003,0.0782,0.315,0.26,0.6367,0.1652,0,chaos,Null
0.759,0.843,-5.714,0.0771,0.486,0.0,0.0967,0.264,0.6537,0.1369,2,Pressure,Null
0.787,0.956,-3.379,0.063,0.15,0.0294,0.38,0.238,0.5448,0.1577,1,From the Crypt,Null
0.572,0.377,-12.09,0.0437,0.521,0.0,0.101,0.0475,0.8534,0.2087,1,XLR,Null
0.777,0.871,-2.256,0.216,0.329,0.0,0.521,0.848,0.6583,0.1741,0,Mrs.,Null
0.358,0.479,-8.626,0.0427,0.806,0.0031,0.237,0.0395,0.6358,0.1814,1,Drugs You Should Try It,Null
0.756,0.453,-9.965,0.318,0.0039,0.0,0.632,0.114,0.6361,0.1581,0,Laps,Null
0.713,0.436,-7.966,0.0615,0.0042,0.0046,0.108,0.0394,0.7447,0.1788,0,WhateverFloatsYourBoat,Null
0.543,0.87,-5.036,0.0509,0.0056,0.0593,0.0913,0.43,0.79,0.2969,13,Null,Liqduicity Drum & Bass
0.524,0.88,-8.389,0.061,0.0054,0.0,0.852,0.573,0.636,0.1227,2,LOCO,Null
0.506,0.96,-4.376,0.387,0.0027,0.0029,0.197,0.046,0.6809,0.3689,14,Null,Euphoric Hardstyle
0.521,0.992,-3.844,0.0961,0.0012,0.0001,0.113,0.218,0.5674,0.2797,3,Payphone,Null
0.539,0.887,-4.473,0.117,0.137,0.0,0.637,0.18,0.5947,0.1986,10,Null,UPLIFTING TRANCE 2020
0.762,0.919,-3.378,0.069,0.295,0.0,0.126,0.603,0.4992,0.2333,1,Now,Null
0.499,0.988,-3.708,0.102,0.001,0.887,0.411,0.57,0.6807,0.2593,14,Null,Greatest Hardstyle Playlist
0.808,0.971,-5.521,0.0521,0.0002,0.939,0.112,0.461,0.572,0.5009,9,Null,Techno / Minimal / Hardcore/ Melodic / Dark
0.344,0.894,-3.229,0.0746,0.0099,0.0016,0.171,0.182,0.6798,0.2558,12,Null,HEADBANGERS:Dubstep/Riddim
0.77,0.71,-7.944,0.087,0.375,0.503,0.117,0.114,0.5902,0.5378,9,Null,Dark Techno
0.724,0.887,-7.076,0.393,0.134,0.0,0.112,0.745,0.8257,0.2791,1,You Ain't a Killer,Null
0.56,0.971,-6.881,0.0525,0.0,0.829,0.181,0.445,0.6718,0.4849,11,Null,Psytrance: From Full on to Forrest Trance
0.394,0.865,-2.528,0.0399,0.07,0.0001,0.17,0.167,0.6812,0.2103,14,Null,Euphoric Hardstyle - 2020
0.474,0.986,-4.191,0.0715,0.0005,0.0859,0.282,0.49,0.6811,0.2471,14,Null,Euphoric Hardstyle
0.587,0.803,-3.769,0.0494,0.0001,0.866,0.0757,0.256,0.7899,0.3215,13,Null,Liquid Drum and Bass
0.376,0.805,-4.758,0.0396,0.0003,0.476,0.129,0.137,0.7896,0.4176,13,Null,Liqduicity Drum & Bass
0.792,0.806,-6.853,0.301,0.0786,0.0,0.0895,0.884,0.8085,0.0816,7,Del,Null
0.568,0.594,-5.815,0.0338,0.0282,0.923,0.528,0.191,0.5901,0.0991,0,Marble,Null
0.652,0.458,-12.272,0.194,0.0282,0.0,0.664,0.174,0.4542,0.4856,4,Real,Null
0.844,0.816,-4.675,0.0649,0.0007,0.106,0.0761,0.545,0.563,0.212,8,Null,tech house
0.813,0.619,-6.615,0.0385,0.0098,0.0,0.0825,0.181,0.5403,0.2209,1,PLOT TWIST,Null
0.449,0.964,-3.779,0.146,0.0472,0.0024,0.323,0.235,0.6481,0.2967,3,I Feel So,Null
0.573,0.771,-8.376,0.0503,0.0123,0.693,0.142,0.0667,0.6359,0.2403,0,Geiger,Null
0.245,0.852,-3.215,0.487,0.0329,0.242,0.76,0.165,0.7731,0.1144,1,BLADETUCKEDFACEFUCK,Null
0.723,0.635,-9.48,0.0654,0.0164,0.823,0.205,0.13,0.5856,1.0,11,Null,PSYTRANCE BANGERS best new 2020
0.619,0.921,-5.51,0.0659,0.0,0.786,0.589,0.298,0.672,0.3898,11,Null,Psytrance Can
0.696,0.897,-6.48,0.236,0.055,0.0,0.8,0.806,0.7358,0.2531,1,Excellent,Null
0.783,0.681,-5.948,0.182,0.0052,0.0,0.56,0.458,0.5992,0.1514,2,"Smoked Out, Scoped Out",Null
0.456,0.593,-6.091,0.232,0.0519,0.0486,0.286,0.087,0.6251,0.2286,0,Vampire Knight,Null
0.458,0.962,-5.138,0.0594,0.0,0.782,0.148,0.0505,0.6264,0.4206,9,Null,|DARK|HARD|TECHNO
0.422,0.901,-7.435,0.0782,0.0003,0.0083,0.369,0.201,0.6268,0.24,10,Null,UPLIFTING TRANCE 2020
0.623,0.473,-8.336,0.461,0.626,0.0,0.119,0.138,0.7632,0.2167,7,Once an Addict - Interlude,Null
0.485,0.935,-4.186,0.0525,0.0001,0.812,0.0552,0.461,0.7899,0.4431,13,Null,Drum & Bass 2020
0.943,0.493,-5.45,0.257,0.0078,0.0,0.333,0.671,0.5857,0.1192,0,Dead or Alive,Null
0.902,0.604,-9.485,0.444,0.0526,0.0,0.0767,0.39,0.4994,0.1818,1,FSD,Null
0.81,0.926,-8.674,0.0493,0.0747,0.931,0.0736,0.823,0.553,0.424,8,Null,tech house
0.728,0.888,-6.875,0.0408,0.0086,0.906,0.0413,0.277,0.5811,0.4559,9,Null,Techno / Minimal / Hardcore/ Melodic / Dark
0.796,0.775,-10.423,0.0476,0.0281,0.915,0.164,0.0327,0.5674,0.5345,9,Null,Techno / Minimal / Hardcore/ Melodic / Dark
0.834,0.73,-3.714,0.222,0.0051,0.0,0.124,0.446,0.7037,0.3426,5,SICKO MODE,Null
0.714,0.877,-8.392,0.0687,0.0012,0.804,0.093,0.314,0.581,0.46,9,Null,Techno
0.719,0.717,-9.301,0.141,0.0233,0.906,0.757,0.189,0.6036,0.4196,9,Null,techno. only. (08/02)
0.613,0.931,-4.316,0.0561,0.0,0.856,0.0873,0.148,0.7808,0.3013,13,Null,Liquid Drum and Bass Sessions 2020
0.95,0.568,-7.346,0.415,0.0538,0.0,0.141,0.297,0.9171,0.17,1,Like Us,Null
0.82,0.5,-11.1,0.452,0.106,0.0,0.183,0.729,0.4044,0.1891,4,Chinatown,Null
0.7,0.684,-7.478,0.0408,0.0003,0.901,0.102,0.29,0.5585,0.5236,9,Null,Techno
0.615,0.794,-7.802,0.0384,0.0018,0.807,0.0762,0.258,0.6037,0.5148,10,Null,Top Trance Songs EVER
0.423,0.764,-7.967,0.506,0.173,0.0481,0.0964,0.183,0.6359,0.1878,0,Heptan - Enjoii Remix,Null
0.787,0.788,-9.593,0.0368,0.0112,0.863,0.266,0.0526,0.5538,0.5468,8,Null,tech house
0.444,0.849,-12.218,0.0449,0.0283,0.0398,0.296,0.688,0.681,0.303,14,Null,Euphoric Hardstyle
0.656,0.618,-6.119,0.201,0.281,0.0,0.124,0.241,0.8532,0.2068,3,Nummer 1 (feat. Hef & Quessswho),Null
0.586,0.806,-5.089,0.0371,0.0038,0.0041,0.0885,0.0392,0.6809,0.1968,14,Null,Greatest Hardstyle Playlist
0.62,0.883,-4.405,0.172,0.0,0.0506,0.214,0.501,0.7807,0.2988,13,Null,UKF Drum & Bass - All Uploads
0.804,0.58,-10.071,0.0535,0.055,0.0144,0.0763,0.208,0.5584,0.4616,8,Null,Dirtybird House
0.641,0.986,-1.657,0.0572,0.0013,0.584,0.181,0.188,0.5627,0.2332,8,Null,Dirtybird Players
0.315,0.819,-3.945,0.0625,0.0059,0.0012,0.0896,0.233,0.7855,0.2207,13,Null,UKF Drum & Bass - All Uploads
0.645,0.939,-0.081,0.35,0.0188,0.174,0.201,0.218,0.6812,0.3084,12,Null,Riddim or die
0.562,0.911,-2.119,0.399,0.403,0.0,0.103,0.6,0.6739,0.2968,0,2020 PHARMACY FREESTYLE,Null
0.69,0.672,-9.38,0.382,0.0395,0.0,0.802,0.736,0.8746,0.2725,7,Step To My Girl,Null
0.676,0.966,-6.97,0.0464,0.0006,0.774,0.11,0.115,0.6038,0.4115,9,Null,Acid Techno
0.88,0.569,-6.517,0.221,0.0809,0.0001,0.214,0.474,0.6125,0.2083,1,Programs,Null
0.571,0.625,-8.444,0.178,0.0144,0.0,0.0764,0.317,0.7266,0.2233,5,Heart Attack,Null
0.714,0.976,-5.274,0.0957,0.0006,0.834,0.105,0.635,0.6492,0.4846,11,Null,"Psy, Goa, Full on Trance"
0.85,0.183,-16.45,0.344,0.808,0.0,0.0975,0.719,0.59,0.1791,4,223,Null
0.584,0.98,-5.31,0.0528,0.0,0.878,0.314,0.751,0.6582,0.3772,11,Null,PSYTRANCE BANGERS best new 2020
0.594,0.644,-7.271,0.133,0.012,0.0,0.182,0.233,0.6497,0.2363,1,Welcome To The Party,Null
0.622,0.971,-1.714,0.239,0.0051,0.251,0.311,0.472,0.6812,0.2629,12,Null,HEADBANGERS:Dubstep/Riddim
0.801,0.818,-5.814,0.0539,0.0061,0.861,0.0761,0.662,0.5629,0.2735,8,Null,tech house
0.575,0.88,-6.1,0.0672,0.0014,0.284,0.047,0.187,0.681,0.3505,14,Null,Euphoric Hardstyle
0.81,0.79,-6.874,0.0704,0.0003,0.417,0.0824,0.347,0.5584,0.293,8,Null,Dirtybird House
0.493,0.659,-5.616,0.0403,0.0055,0.0,0.119,0.413,0.8378,0.244,3,Smashed Into Pieces,Null
0.595,0.874,-4.622,0.702,0.0039,0.0,0.246,0.478,0.7735,0.1009,2,Choke!,Null
0.37,0.856,-5.489,0.401,0.403,0.0097,0.18,0.0755,0.7207,0.2588,0,Blackmage,Null
0.814,0.671,-6.214,0.435,0.518,0.0,0.0631,0.503,0.7762,0.1476,1,Big Steppa,Null
0.813,0.789,-7.066,0.263,0.0278,0.348,0.344,0.585,0.5629,0.1722,8,Null,Dirtybird Players
0.804,0.808,-2.076,0.189,0.0046,0.708,0.32,0.144,0.7809,0.372,13,Null,Drum and Bass 2020
0.574,0.986,-2.528,0.244,0.0008,0.577,0.306,0.293,0.6809,0.2271,14,Null,Euphoric Hardstyle
0.233,0.946,-2.141,0.392,0.0004,0.668,0.244,0.542,0.7482,0.1742,2,Oh Lucy,Null
0.688,0.708,-13.745,0.0728,0.284,0.829,0.134,0.0482,0.5901,0.5014,9,Null,Dark Techno
0.507,0.965,-5.651,0.0542,0.0001,0.22,0.0963,0.177,0.6265,0.48,10,Null,UPLIFTING TRANCE 2020
0.876,0.852,-4.695,0.0518,0.165,0.0397,0.1,0.141,0.4994,0.1816,2,Florida Thang,Null
0.895,0.708,-6.367,0.245,0.0342,0.0034,0.0415,0.886,0.5629,0.1589,8,Null,tech house
0.58,0.977,-2.566,0.22,0.0267,0.0028,0.119,0.227,0.6814,0.2383,12,Null,Headbangers:Dubstep/Riddim
0.779,0.965,-6.774,0.0458,0.0005,0.828,0.0623,0.522,0.563,0.4844,8,Null,Beatoirt Best New Tech House
0.788,0.964,-0.243,0.421,0.0263,0.0345,0.371,0.24,0.6585,0.2212,12,Null,Headbangers:Dubstep/Riddim
0.615,0.66,-5.55,0.032,0.0298,0.0,0.106,0.185,0.5222,0.2347,1,IDGAF,Null
0.572,0.944,-4.612,0.196,0.0073,0.0,0.691,0.576,0.6039,0.1009,2,Fucked Up,Null
0.608,0.88,-5.419,0.063,0.0155,0.0068,0.324,0.0368,0.5813,0.2556,10,Null,Progressive & Melodic Trance
0.89,0.591,-6.849,0.184,0.0014,0.0,0.167,0.808,0.6809,0.241,1,It Ain't Safe,Null
0.597,0.956,-6.824,0.0444,0.0005,0.846,0.224,0.0395,0.6264,0.5029,11,Null,Psytrance Can
0.756,0.732,-5.334,0.042,0.0004,0.49,0.477,0.25,0.5901,0.4211,10,Null,"Uplifting Trance, Euphoric Trance"
0.774,0.796,-5.682,0.0477,0.0014,0.886,0.0614,0.579,0.5675,0.2734,8,Null,Dirtybird Players
0.412,0.608,-9.787,0.225,0.782,0.0518,0.0991,0.0653,0.8128,0.3837,7,That's O.K.,Null
0.374,0.238,-13.267,0.0509,0.173,0.0847,0.1,0.0391,0.8158,0.2158,0,GladWeHaveAnUnderstanding (Prod. by Dylan Brady),Null
0.397,0.975,-3.532,0.365,0.0015,0.0,0.118,0.451,0.8717,0.2741,3,If You Can't Hang,Null
0.93,0.669,-6.002,0.228,0.348,0.0,0.118,0.415,0.8991,0.2238,7,No Static,Null
0.838,0.551,-6.748,0.0671,0.0837,0.0002,0.134,0.0533,0.5267,0.1088,2,Trapathy,Null
0.469,0.832,-8.738,0.0379,0.001,0.895,0.329,0.22,0.6309,0.2553,10,Null,Top Trance Songs EVER
0.498,0.931,-3.288,0.0947,0.0002,0.0,0.343,0.673,0.7395,0.2244,3,Ordinary Life,Null
0.825,0.947,-4.554,0.0777,0.001,0.778,0.219,0.902,0.5584,0.2081,8,Null,Dirtybird//Techhouse by Mack\
0.429,0.953,-8.506,0.0603,0.0006,0.61,0.822,0.0912,0.6355,0.3229,10,Null,Uplifting Trance.
0.716,0.837,-7.055,0.0437,0.0011,0.223,0.0364,0.603,0.5583,0.2772,8,Null,Dirtybird//Techhouse by Mack\
0.633,0.764,-7.212,0.323,0.32,0.0,0.234,0.522,0.8622,0.2499,1,Twinz (Deep Cover 98) (feat. Fat Joe),Null
0.772,0.98,-5.749,0.0626,0.0023,0.321,0.0666,0.961,0.5674,0.2208,8,Null,Tech House
0.8,0.56,-4.818,0.261,0.057,0.0,0.134,0.45,0.7403,0.2193,1,POPSTAR (feat. Drake),Null
0.54,0.777,-4.316,0.0557,0.185,0.0446,0.327,0.468,0.817,0.2395,0,First Woe,Null
0.585,0.52,-6.136,0.0712,0.124,0.0001,0.131,0.129,0.7254,0.2389,1,rockstar (feat. 21 Savage),Null
0.708,0.839,-6.451,0.0446,0.0159,0.0272,0.0735,0.605,0.9535,0.1884,6,Tribute - La Felix Remix,Null
0.571,0.95,-2.378,0.173,0.023,0.0196,0.233,0.365,0.7947,0.3229,13,Null,UKF Drum & Bass - All Uploads
0.724,0.966,-2.934,0.249,0.0112,0.164,0.369,0.51,0.7036,0.2311,12,Null,HEADBANGERS:Dubstep/Riddim
0.806,0.48,-12.602,0.0947,0.0003,0.827,0.102,0.478,0.5675,0.4896,8,Null,Tech House 2020
0.708,0.507,-8.876,0.0549,0.117,0.0005,0.101,0.543,0.6969,0.1944,5,The Devil's in the Details,Null
0.74,0.812,-12.998,0.0612,0.0706,0.914,0.198,0.207,0.5902,0.4688,9,Null,Dark Techno
0.483,0.487,-10.294,0.303,0.0402,0.0,0.12,0.369,0.7223,0.2988,5,Tell Me,Null
0.687,0.804,-4.772,0.032,0.0001,0.0003,0.306,0.232,0.908,0.1007,2,ONLYFANS,Null
0.5,0.899,-5.367,0.0437,0.0019,0.154,0.103,0.094,0.7903,0.3507,13,Null,UKF Drum & Bass - All Uploads
0.803,0.696,-13.054,0.0588,0.0163,0.926,0.111,0.142,0.5674,0.4437,9,Null,Minimal Techno: The Dark Undergound
0.861,0.637,-5.692,0.24,0.0515,0.0,0.0967,0.474,0.4451,0.2504,4,ZEZE (feat. Travis Scott & Offset),Null
0.847,0.769,-5.761,0.258,0.0145,0.0001,0.0767,0.626,0.5721,0.2245,7,212,Null
0.547,0.623,-12.425,0.0657,0.0377,0.0728,0.126,0.107,0.6262,0.2318,0,It's Going to Be Alright,Null
0.512,0.983,-5.5,0.0866,0.0166,0.439,0.697,0.244,0.6265,0.2552,10,Null,Vocal Melodic Trance Top 1000
0.429,0.973,-5.159,0.12,0.0308,0.001,0.23,0.129,0.6803,0.2744,14,Null,Euphoric Hardstyle
0.919,0.587,-6.463,0.473,0.152,0.0,0.116,0.629,0.6353,0.1817,1,Thuggin,Null
0.806,0.851,-7.961,0.0602,0.0003,0.887,0.0336,0.715,0.5719,0.499,8,Null,tech house
0.547,0.976,-1.985,0.048,0.0255,0.0009,0.957,0.375,0.7039,0.1959,14,Null,Best of Hardstyle 2020
0.612,0.808,-5.122,0.0769,0.0011,0.574,0.0836,0.649,0.7902,0.3442,13,Null,Liquid Drum and Bass
0.815,0.946,-4.153,0.268,0.0802,0.0,0.315,0.864,0.7945,0.1225,0,Six Speed,Null
0.588,0.562,-9.268,0.0318,0.448,0.0344,0.116,0.101,0.7171,0.2148,1,Tightrope,Null
0.783,0.916,-3.344,0.415,0.11,0.0,0.0746,0.695,0.8654,0.271,7,Lean Back,Null
0.634,0.914,-0.922,0.357,0.0142,0.0036,0.154,0.618,0.7041,0.2103,12,Null,RIDDIM
0.666,0.921,-6.482,0.0639,0.0005,0.737,0.147,0.0577,0.6447,0.5183,11,Null,Best Psytrance 2020
0.728,0.337,-12.363,0.169,0.0329,0.0,0.0552,0.21,0.9236,0.2369,5,What You Do to Me,Null
0.529,0.95,-6.836,0.0737,0.0007,0.879,0.0872,0.374,0.6219,0.3888,10,Null,Top Trance Songs EVER
0.611,0.965,-6.657,0.0464,0.0,0.881,0.919,0.329,0.6629,0.4249,11,Null,Psytrance: From Full on to Forrest Trance
0.635,0.983,-1.657,0.057,0.0036,0.864,0.792,0.336,0.6811,0.2304,12,Null,Heavy Dubstep
0.676,0.61,-7.558,0.114,0.166,0.0001,0.122,0.24,0.6724,0.2707,5,Snowchild,Null
0.498,0.878,-3.408,0.05,0.0038,0.0002,0.532,0.176,0.5995,0.2093,10,Null,TRANNCE 2020 Best Trance Music Official
0.501,0.891,-7.14,0.0309,0.0002,0.861,0.172,0.394,0.5992,0.2319,10,Null,Top Trance Songs EVER
0.956,0.785,-5.474,0.235,0.0555,0.0,0.219,0.304,0.4884,0.2064,4,Come On,Null
0.59,0.955,-3.399,0.205,0.0034,0.849,0.349,0.0589,0.7944,0.3124,13,Null,UKF Drum & Bass - All Uploads
0.6,0.946,-4.755,0.162,0.0026,0.862,0.123,0.208,0.6583,0.4351,11,Null,PSYTRANCE BANGERS best new 2020
0.37,0.864,-4.831,0.225,0.0,0.0,0.0358,0.555,0.7718,0.2241,3,Royals,Null
0.852,0.641,-3.507,0.0652,0.0133,0.788,0.102,0.0335,0.9984,0.0765,0,Mud,Null
0.434,0.953,-4.126,0.212,0.0283,0.0395,0.129,0.132,0.6809,0.1805,14,Null,Greatest Hardstyle Playlist
0.876,0.847,-3.574,0.232,0.0034,0.0,0.293,0.882,0.6127,0.1804,4,U Played (feat. Lil Baby),Null
0.747,0.524,-6.807,0.245,0.0306,0.0,0.2,0.363,0.6358,0.2334,7,Roll In Peace (feat. XXXTENTACION),Null
0.789,0.967,-10.337,0.0551,0.0056,0.801,0.453,0.831,0.5722,0.4089,8,Null,Tech house
0.563,0.959,-3.036,0.0421,0.0166,0.0,0.13,0.81,0.6262,0.2189,3,Must Have Done Something Right,Null
0.397,0.936,-2.57,0.0414,0.032,0.93,0.0614,0.0367,0.7944,0.3725,13,Null,UKF Drum & Bass - All Uploads
0.791,0.865,-5.665,0.0508,0.005,0.496,0.0794,0.8,0.572,0.2754,8,Null,Tech House Essentials by Distortion
0.706,0.589,-8.309,0.0327,0.0617,0.0,0.105,0.767,0.4358,0.1615,4,Kickback (feat. Lil Mosey),Null
0.629,0.936,-7.207,0.0437,0.0,0.739,0.27,0.127,0.6537,0.4454,11,Null,"Psy, Goa, Full on Trance"
0.508,0.821,-7.416,0.454,0.0329,0.0,0.594,0.345,0.8013,0.1856,1,Take_it_Back_v2,Null
0.663,0.878,-5.102,0.058,0.0003,0.581,0.119,0.373,0.6402,0.5158,11,Null,Psy Trance Full-on Morning
0.54,0.988,-4.372,0.0475,0.0,0.812,0.669,0.234,0.6672,0.4971,11,Null,PsyTrance 2019 By GMR
0.7,0.399,-6.558,0.0461,0.308,0.0128,0.119,0.348,0.7222,0.2924,5,Up Late,Null
0.46,0.95,-4.813,0.0592,0.0006,0.0216,0.14,0.0422,0.7898,0.2642,13,Null,Liqduicity Drum & Bass
0.572,0.825,-3.325,0.173,0.004,0.0017,0.281,0.195,0.6808,0.2392,12,Null,I'm a fucking Headbanger
0.721,0.58,-9.399,0.0659,0.0078,0.0021,0.0998,0.144,0.5812,0.1972,2,Free Birds,Null
0.474,0.918,-5.649,0.0291,0.0005,0.0445,0.397,0.324,0.6809,0.2964,14,Null,Euphoric Hardstyle & Melodic Hardstyle
0.532,0.877,-4.551,0.0337,0.0007,0.751,0.576,0.305,0.7898,0.278,13,Null,UKF Drum & Bass - All Uploads
0.688,0.837,-7.908,0.0503,0.0017,0.816,0.147,0.15,0.6128,0.6124,11,Null,Psytrance Can
0.731,0.917,-5.722,0.0854,0.0016,0.897,0.137,0.785,0.5628,0.2266,8,Null,Tech house
0.732,0.595,-8.044,0.393,0.097,0.0,0.0771,0.312,0.7448,0.1595,2,Daddy Issues,Null
0.871,0.67,-7.914,0.203,0.313,0.0,0.336,0.841,0.5901,0.1504,1,Weed World,Null
0.709,0.935,-10.625,0.0997,0.277,0.891,0.111,0.421,0.6038,0.3399,9,Null,techno. only. (08/02)
0.747,0.759,-6.692,0.0919,0.0005,0.886,0.288,0.407,0.5584,0.4189,9,Null,Techno
0.748,0.553,-9.535,0.238,0.17,0.0,0.0699,0.0943,0.7269,0.1766,2,Breakdxwn,Null
0.925,0.332,-10.843,0.232,0.136,0.0,0.121,0.234,0.9078,0.0982,0,Ain't it Nice?,Null
0.92,0.891,-2.398,0.253,0.0313,0.0,0.083,0.311,0.8652,0.177,1,The Next Episode,Null
0.574,0.998,-6.763,0.0754,0.0008,0.825,0.368,0.547,0.6356,0.4821,11,Null,Psytrance New Releases 2020
0.73,0.935,-0.437,0.0581,0.0027,0.0,0.328,0.591,0.7172,0.1597,1,Blunt to My Lip (feat. Fat Nick),Null
0.792,0.917,-7.122,0.0558,0.0007,0.866,0.607,0.284,0.5811,0.4189,9,Null,techno. only. (08/02)
0.591,0.647,-7.296,0.207,0.624,0.0001,0.195,0.331,0.8826,0.1076,7,GOOD MORNING AMERIKKKA,Null
0.88,0.635,-8.214,0.0451,0.0408,0.0001,0.0927,0.606,0.5629,0.1569,1,Dead Batteries,Null
0.798,0.774,-6.948,0.156,0.203,0.0,0.182,0.657,0.6083,0.1962,4,Don't Bang My Line (feat. Night Lovell),Null
0.64,0.856,-9.319,0.0885,0.0036,0.878,0.112,0.577,0.5811,0.4688,9,Null,Techno Music 2020 | Best Techno
0.168,0.974,-9.116,0.112,0.0,0.641,0.0752,0.0943,0.8482,0.4195,2,Freezing Moon,Null
0.735,0.811,-3.735,0.0601,0.11,0.164,0.528,0.42,0.9435,0.1104,0,You Are Not Like Us,Null
0.625,0.45,-9.985,0.0311,0.0776,0.0002,0.117,0.0362,0.4221,0.2261,4,Dark Light,Null
0.721,0.76,-6.242,0.362,0.354,0.0,0.344,0.73,0.7264,0.2892,7,Do Your Thing,Null
0.912,0.717,-6.802,0.187,0.0257,0.0,0.61,0.509,0.9074,0.1683,1,Elysian Fields,Null
0.781,0.993,-3.348,0.0733,0.0007,0.912,0.0327,0.67,0.5676,0.4058,8,Null,Dirtybird Players
0.421,0.875,-3.455,0.0367,0.0008,0.701,0.164,0.0392,0.7899,0.2976,13,Null,Massive Drum & Bass
0.528,0.946,-4.874,0.0704,0.0011,0.0,0.0655,0.718,0.6041,0.2014,3,Weekend Warriors,Null
0.649,0.758,-9.968,0.0432,0.0001,0.898,0.145,0.0355,0.572,0.5169,9,Null,Dark Techno
0.701,0.969,0.341,0.237,0.404,0.0,0.47,0.673,0.5543,0.1227,1,ROOTED,Null
0.665,0.986,-6.541,0.0845,0.0011,0.765,0.309,0.0709,0.6083,0.4041,9,Null,techno. only. (08/02)
0.803,0.695,-11.702,0.0459,0.0001,0.902,0.0758,0.0531,0.572,0.5038,9,Null,Techno / Minimal / Hardcore/ Melodic / Dark
0.539,0.811,-10.005,0.0804,0.016,0.0,0.206,0.166,0.5446,0.1405,1,RestInPeace,Null
0.598,0.901,-2.682,0.125,0.0008,0.107,0.107,0.0996,0.6537,0.4435,11,Null,Psy Trance Full-on Morning
0.531,0.876,-3.45,0.0329,0.0003,0.0004,0.417,0.174,0.7257,0.2308,12,Null,I'm a fucking Headbanger
0.751,0.678,-5.956,0.357,0.189,0.0,0.51,0.782,0.7031,0.1389,4,Brother‚Äôs Keeper,Null
0.759,0.485,-8.188,0.0543,0.0806,0.0,0.102,0.228,0.4993,0.1537,1,Goth God,Null
0.535,0.915,-2.472,0.0355,0.0177,0.0116,0.0791,0.0821,0.7719,0.3309,13,Null,Drum and Bass 2020
0.794,0.933,-7.544,0.0663,0.0019,0.424,0.0671,0.339,0.5628,0.248,8,Null,Tech House
0.819,0.616,-5.534,0.167,0.0599,0.0,0.143,0.524,0.7943,0.1563,5,Real Ties,Null
0.857,0.506,-12.557,0.168,0.547,0.0,0.127,0.64,0.6718,0.128,0,El Paseo,Null
0.646,0.979,-2.525,0.0539,0.0958,0.159,0.402,0.544,0.6583,0.2193,12,Null,Lost Lands 2019
0.81,0.707,-11.63,0.0544,0.0003,0.861,0.0994,0.671,0.5765,0.416,8,Null,Dirtybird//Techhouse by Mack\
0.613,0.944,-2.47,0.0568,0.0024,0.642,0.216,0.432,0.7809,0.3727,13,Null,Drum and Bass - 2015 to 2020
0.799,0.554,-9.575,0.0956,0.235,0.0,0.141,0.703,0.5676,0.2525,1,"One More Round (feat. Meechy Darko, Erick The Architect & Nyck Caution)",Null
0.561,0.945,-6.319,0.0338,0.0001,0.809,0.325,0.14,0.6583,0.5076,11,Null,PSYTRANCE BANGERS best new 2020
0.629,0.985,-5.198,0.0501,0.0002,0.777,0.115,0.157,0.6673,0.4873,11,Null,PsyTrance 2019 By GMR
0.866,0.828,-8.704,0.203,0.203,0.527,0.123,0.543,0.6038,0.2008,9,Null,Techno Music 2020 | Best Techno
0.588,0.869,-3.867,0.0385,0.0002,0.236,0.184,0.202,0.6816,0.2407,12,Null,Headbangers:Dubstep/Riddim
0.835,0.708,-8.586,0.0634,0.0178,0.643,0.098,0.641,0.5538,0.3663,8,Null,Dirtybird//Techhouse by Mack\
0.577,0.84,-6.956,0.0386,0.0095,0.342,0.191,0.125,0.6536,0.2702,0,Limpidity,Null
0.618,0.505,-8.212,0.0549,0.0851,0.0,0.325,0.559,0.6813,0.2462,5,Obsesion (No Es Amor) (feat. Baby Bash),Null
0.598,0.925,-3.173,0.341,0.476,0.0,0.338,0.814,0.6419,0.111,1,GENOCIDE,Null
0.468,0.796,-4.958,0.11,0.236,0.0001,0.137,0.193,0.9978,0.1912,0,Into the Trees,Null
0.842,0.823,-6.35,0.0441,0.0133,0.281,0.676,0.667,0.5674,0.2446,8,Null,tech house
0.585,0.666,-12.115,0.0315,0.292,0.639,0.393,0.965,0.745,0.1174,0,StayTheNight,Null
0.597,0.45,-6.658,0.0418,0.223,0.0,0.382,0.537,0.8115,0.2502,5,Stuck with U (with Justin Bieber),Null
0.807,0.95,-7.666,0.0417,0.0001,0.941,0.0343,0.912,0.5674,0.4409,8,Null,Tech House Essentials by Distortion
0.54,0.929,-3.83,0.447,0.0018,0.0002,0.234,0.449,0.6812,0.1717,12,Null,Riddim Dubstep 2017-2018-2019
0.424,0.921,-3.174,0.0427,0.0012,0.0082,0.328,0.0973,0.7943,0.2163,13,Null,Drum and Bass 2020
0.812,0.844,-6.109,0.151,0.0029,0.473,0.133,0.862,0.6266,0.4197,11,Null,Best Psytrance 2020
0.49,0.712,-6.954,0.509,0.151,0.0,0.127,0.597,0.7944,0.2456,7,Fake Names,Null
0.597,0.568,-8.159,0.0274,0.35,0.875,0.111,0.0555,0.5992,0.2549,0,Dreamblade,Null
0.579,0.862,-2.99,0.0336,0.0011,0.0637,0.278,0.263,0.6354,0.2875,12,Null,Riddim Dubstep 2017-2018-2019
0.818,0.409,-10.599,0.0725,0.431,0.943,0.117,0.366,0.5765,0.4913,9,Null,Dark Techno Rave
0.778,0.421,-11.291,0.219,0.65,0.0,0.258,0.0392,0.5449,0.1597,1,Red Tide (feat. Chris Travis),Null
0.702,0.47,-11.574,0.0632,0.23,0.0005,0.337,0.108,0.581,0.136,1,I'm a Captain Not a Lover,Null
0.617,0.684,-3.618,0.0439,0.0545,0.0,0.104,0.295,0.5997,0.1652,4,Saint-Tropez,Null
0.463,0.746,-5.832,0.0372,0.0002,0.0,0.0804,0.185,0.6006,0.3,0,Let It Fade Away,Null
0.49,0.526,-10.325,0.0555,0.719,0.0,0.0925,0.0746,0.8722,0.1557,0,FALLING,Null
0.423,0.695,-5.806,0.0638,0.0072,0.0191,0.358,0.0527,0.6809,0.2635,14,Null,Euphoric Hardstyle
0.458,0.935,-3.621,0.0468,0.282,0.788,0.0616,0.699,0.7947,0.3879,13,Null,Drum and Bass - 2015 to 2020
0.775,0.888,-10.796,0.0482,0.0114,0.934,0.0696,0.0455,0.5629,0.4622,9,Null,Techno
0.694,0.661,-4.847,0.118,0.0019,0.0,0.676,0.702,0.7488,0.2679,5,Got Money,Null
0.814,0.802,-6.129,0.09,0.119,0.845,0.149,0.47,0.7811,0.1473,1,Little Miller,Null
0.867,0.724,-6.997,0.23,0.0064,0.414,0.236,0.295,0.6352,0.3042,12,Null,Headbangers:Dubstep/Riddim
0.808,0.97,-6.098,0.0506,0.0569,0.0001,0.154,0.868,0.519,0.2654,7,Promiscuous,Null
0.787,0.985,-7.105,0.0805,0.0119,0.885,0.182,0.585,0.6128,0.6844,11,Null,Psytrance New Releases 2020
0.497,0.489,-7.724,0.294,0.0576,0.0001,0.122,0.231,0.7801,0.2937,0,Tunnel Vision,Null
0.671,0.973,-7.161,0.0577,0.0001,0.667,0.131,0.0362,0.6627,0.4465,11,Null,Psytrance: From Full on to Forrest Trance
0.731,0.931,-8.045,0.0536,0.0007,0.852,0.0752,0.0455,0.5811,0.4293,9,Null,Techno 2020
0.595,0.877,-3.365,0.0359,0.34,0.0,0.0919,0.235,0.6813,0.1824,14,Null,Melodic Hardstyle 2020
0.554,0.809,-6.656,0.0857,0.0114,0.0,0.476,0.0961,0.6085,0.3353,4,"Bitch, Don‚Äôt Kill My Vibe - Remix",Null
0.749,0.417,-3.861,0.0414,0.252,0.0321,0.0954,0.197,0.6355,0.2281,0,FALLOUT - Eliminate Reimagination,Null
0.656,0.347,-9.849,0.0357,0.0277,0.0012,0.108,0.117,0.6809,0.1438,0,October,Null
0.676,0.916,-7.889,0.0545,0.0022,0.801,0.142,0.0992,0.6447,0.5109,11,Null,"Psy, Goa, Full on Trance"
0.531,0.615,-8.505,0.262,0.126,0.0,0.108,0.64,0.5471,0.2713,5,"Everything, Everyday, Everywhere",Null
0.531,0.737,-8.333,0.0886,0.0279,0.0001,0.116,0.291,0.8267,0.2323,1,It Was Me,Null
0.949,0.661,-4.244,0.0572,0.0302,0.0,0.0454,0.76,0.4744,0.3113,4,The Real Slim Shady,Null
0.507,0.954,-7.29,0.0492,0.0019,0.889,0.425,0.168,0.6174,0.2913,10,Null,Top Trance Songs EVER
0.554,0.792,-4.679,0.105,0.001,0.0,0.182,0.0581,0.6358,0.1584,2,Archangel,Null
0.795,0.921,-8.256,0.0827,0.0004,0.761,0.0757,0.547,0.5676,0.2189,8,Null,Tech House Elrow Secrets
0.78,0.938,-6.269,0.0491,0.0446,0.0977,0.091,0.502,0.5676,0.2026,8,Null,Dirtybird Players
0.747,0.414,-13.341,0.0439,0.0958,0.0064,0.0964,0.0294,0.5356,0.1599,0,KeepTellingYourselfThat (Prod. by Vegard Veslelia),Null
0.714,0.434,-11.542,0.0396,0.697,0.0,0.0919,0.352,0.5626,0.2837,3,The One That Got Away - Acoustic,Null
0.562,0.781,-5.347,0.0294,0.0001,0.0438,0.176,0.181,0.5448,0.2299,3,Enjoy The Silence,Null
0.439,0.934,-7.962,0.0386,0.0003,0.811,0.182,0.0797,0.631,0.2685,11,Null,PSYTRANCE BANGERS best new 2020
0.531,0.974,-7.196,0.0612,0.0007,0.762,0.35,0.539,0.7036,0.5381,11,Null,Psytrance New Releases 2020
0.453,0.953,-3.887,0.042,0.0024,0.0013,0.103,0.107,0.6805,0.2103,14,Null,Euphoric Hardstyle
0.686,0.589,-6.831,0.0295,0.0031,0.828,0.276,0.259,0.5627,0.282,0,Falling Apart,Null
0.473,0.947,-4.597,0.0503,0.0089,0.681,0.109,0.0768,0.7853,0.4001,13,Null,Liquid Drum & Bass
0.795,0.981,-4.665,0.0517,0.0012,0.91,0.0519,0.666,0.5811,0.2151,8,Null,Tech house
0.729,0.955,-1.109,0.382,0.0073,0.0023,0.626,0.477,0.6583,0.2611,12,Null,Riddim Dubstep 2017-2018-2019
0.516,0.828,-3.781,0.035,0.0162,0.813,0.104,0.0458,0.7808,0.3609,13,Null,Liquid Drum and Bass Sessions 2020
0.842,0.734,-5.065,0.0588,0.0427,0.0,0.106,0.952,0.6263,0.1983,6,Sucker,Null
0.332,0.998,-5.339,0.135,0.0005,0.966,0.342,0.0816,0.6355,0.3605,10,Null,Top Trance Songs EVER
0.655,0.936,-3.668,0.125,0.0032,0.434,0.0489,0.749,0.781,0.3456,13,Null,Liqduicity Drum & Bass
0.496,0.744,-5.688,0.0505,0.037,0.891,0.117,0.12,0.7899,0.3263,13,Null,Liquid Drum & Bass
0.465,0.96,-4.772,0.467,0.0878,0.0001,0.383,0.164,0.5445,0.1214,2,FACEPLANT,Null
0.68,0.382,-10.054,0.0792,0.455,0.0005,0.16,0.0411,0.5676,0.1872,1,5 Am,Null
0.698,0.46,-15.376,0.0432,0.0,0.892,0.234,0.0344,0.5812,0.4497,9,Null,Dark Techno
0.642,0.444,-7.842,0.344,0.172,0.0,0.0741,0.456,0.6353,0.2178,5,Lie 2 Me,Null
0.687,0.817,-3.327,0.633,0.0113,0.0001,0.282,0.266,0.658,0.2674,12,Null,Heavy Dubstep
0.475,0.909,-3.935,0.0876,0.0064,0.0,0.759,0.284,0.6809,0.212,14,Null,Euphoric Hardstyle
0.808,0.61,-10.734,0.0845,0.0475,0.868,0.267,0.362,0.5583,0.4503,8,Null,Tech House Pizza
0.765,0.698,-10.267,0.064,0.0063,0.835,0.224,0.585,0.5676,0.2019,8,Null,BOILER ROOM TECHNO HOUSE
0.63,0.949,-2.902,0.0433,0.0337,0.888,0.0369,0.358,0.7809,0.3902,13,Null,Liquid Drum & Bass
0.585,0.722,-7.305,0.0362,0.0022,0.0081,0.0909,0.0542,0.5171,0.2306,0,All the Things U Said (feat. Harukasuka),Null
0.845,0.743,-4.321,0.191,0.027,0.0,0.91,0.482,0.7032,0.1902,1,Haunted,Null
0.84,0.589,-10.572,0.0565,0.0447,0.897,0.112,0.612,0.5674,0.3391,8,Null,Dirtybird Players
0.883,0.544,-7.92,0.233,0.507,0.0,0.08,0.114,0.5901,0.3032,4,How Did I Get Here (feat. J. Cole),Null
0.668,0.362,-11.11,0.08,0.143,0.0,0.247,0.291,0.5172,0.2487,5,Love Drunk,Null
0.66,0.464,-10.285,0.188,0.0591,0.16,0.176,0.118,0.7716,0.1405,0,Game V2,Null
0.699,0.949,-6.372,0.042,0.002,0.0174,0.874,0.427,0.5719,0.1862,8,Null,Tech House Elrow Secrets
0.732,0.689,-6.549,0.0438,0.0374,0.0,0.108,0.19,0.9077,0.2012,1,Yacht Club (feat. Young Thug & Ty Dolla $ign),Null
0.723,0.619,-8.002,0.0773,0.354,0.0,0.0979,0.458,0.6585,0.1804,0,Cosey's World,Null
0.462,0.991,-1.28,0.363,0.0302,0.0916,0.0841,0.357,0.6587,0.1976,12,Null,Heavy Dubstep
0.732,0.625,-11.517,0.282,0.0138,0.0001,0.703,0.196,0.6125,0.1559,1,Med Kit,Null
0.808,0.935,-6.111,0.0563,0.001,0.837,0.0604,0.862,0.572,0.451,8,Null,Dirtybird//Techhouse by Mack\
0.66,0.788,-10.2,0.0623,0.0243,0.888,0.11,0.0489,0.5811,0.3162,9,Null,Acid Techno: Hard Techno on Acid
0.784,0.448,-7.672,0.37,0.166,0.0,0.136,0.531,0.5805,0.2326,4,Heat Check,Null
0.808,0.823,-2.881,0.0883,0.0199,0.2,0.434,0.209,0.7944,0.341,13,Null,Drum & Bass 2020
0.435,0.887,-4.07,0.0636,0.0007,0.0,0.0327,0.408,0.9076,0.2322,3,"This Ain't A Scene, It's An Arms Race",Null
0.583,0.958,-5.114,0.0557,0.0,0.791,0.132,0.37,0.6718,0.4902,11,Null,Psytrance 2020
0.447,0.967,-2.64,0.0575,0.0018,0.002,0.447,0.233,0.7041,0.2284,14,Null,Ready2GetMaggot?
0.611,0.994,-9.043,0.044,0.0,0.838,0.162,0.0386,0.5811,0.3463,9,Null,Techno
0.767,0.538,-6.044,0.052,0.68,0.0,0.192,0.343,0.7357,0.1333,7,Taking A Walk,Null
0.859,0.477,-6.116,0.428,0.0041,0.0,0.0819,0.153,0.6627,0.2753,1,Sasuke,Null
0.885,0.641,-4.455,0.351,0.175,0.0,0.234,0.201,0.4138,0.1562,4,KOODA,Null
0.798,0.71,-10.136,0.0461,0.0002,0.665,0.0899,0.258,0.5629,0.4134,9,Null,Techno Music 2020 | Best Techno
0.484,0.844,-3.376,0.0662,0.0136,0.387,0.293,0.0766,0.7037,0.2387,0,Envision,Null
0.801,0.766,-4.655,0.197,0.0393,0.378,0.331,0.504,0.7945,0.2944,13,Null,Drum and Bass 2020
0.412,0.77,-6.155,0.0418,0.0012,0.871,0.0644,0.0355,0.7939,0.3725,13,Null,Liquid Drum and Bass
0.83,0.616,-7.383,0.0499,0.243,0.0,0.0477,0.386,0.5627,0.2394,5,I Like,Null
0.714,0.582,-7.272,0.0808,0.0129,0.0,0.0774,0.338,0.4213,0.2178,4,Outta Time (feat. Drake),Null
0.645,0.695,-7.886,0.0329,0.0297,0.429,0.068,0.298,0.5766,0.2878,0,Eternally Yours,Null
0.412,0.902,-6.472,0.0326,0.0007,0.874,0.201,0.27,0.6083,0.2239,10,Null,Top Trance Songs EVER
0.709,0.969,-3.665,0.0967,0.0005,0.647,0.0292,0.894,0.5676,0.3743,8,Null,Tech House Top 50
0.595,0.97,-2.858,0.303,0.0104,0.0,0.897,0.363,0.6585,0.209,12,Null,Lost Lands 2020
0.665,0.961,-6.469,0.0519,0.0191,0.693,0.355,0.96,0.6083,0.1648,0,Root,Null
0.496,0.987,-3.974,0.0513,0.0006,0.877,0.0382,0.24,0.6354,0.2544,10,Null,Top Trance Songs EVER
0.545,0.98,-6.148,0.0717,0.0,0.709,0.0934,0.314,0.681,0.5074,11,Null,Psytrance New Releases 2020
0.417,0.983,-8.171,0.0485,0.0001,0.892,0.0771,0.0893,0.6264,0.2629,10,Null,Top Trance Songs EVER
0.509,0.814,-4.906,0.0374,0.0006,0.583,0.324,0.101,0.681,0.1717,0,stars,Null
0.724,0.541,-12.127,0.0579,0.517,0.0024,0.105,0.181,0.5021,0.1151,0,HauntedHouse,Null
0.917,0.638,-4.898,0.0613,0.812,0.0,0.108,0.376,0.563,0.1698,1,Flapjack Freestyle,Null
0.767,0.864,-1.847,0.133,0.0116,0.0,0.0957,0.747,0.776,0.2825,7,You Don't Know,Null
0.555,0.943,-4.441,0.0415,0.0001,0.0197,0.0997,0.602,0.7944,0.3136,13,Null,UKF Drum & Bass - All Uploads
0.498,0.884,-10.065,0.045,0.0003,0.586,0.225,0.233,0.6289,0.2278,10,Null,State if Trance (The best ASOT Epsidoes)
0.715,0.319,-15.656,0.0396,0.408,0.877,0.135,0.0738,0.5448,0.184,0,Canyon Crypt,Null
0.678,0.863,-3.994,0.304,0.174,0.0,0.0632,0.629,0.8427,0.2561,1,The People's Champ,Null
0.692,0.85,-8.605,0.0639,0.0919,0.0,0.353,0.188,0.5583,0.3332,9,Null,techno. only. (08/02)
0.86,0.918,-6.1,0.0542,0.0754,0.808,0.126,0.418,0.5629,0.2374,8,Null,Dirtybird Players
0.641,0.581,-11.528,0.0291,0.0609,0.253,0.166,0.0559,0.917,0.2539,2,Cry,Null
0.889,0.503,-9.656,0.0605,0.0088,0.839,0.0898,0.325,0.5628,0.3932,8,Null,Dirtybird Players
0.515,0.967,-5.06,0.127,0.0009,0.83,0.075,0.0922,0.6815,0.3154,12,Null,Lost Lands 2019
0.537,0.949,-6.027,0.0651,0.0009,0.906,0.0962,0.201,0.6264,0.5148,10,Null,Uplifting Trance.
0.585,0.721,-4.805,0.23,0.164,0.0,0.232,0.802,0.7131,0.2181,7,(NYB) Need Your Best,Null
0.736,0.948,-8.588,0.0728,0.0005,0.828,0.0554,0.933,0.5721,0.4124,9,Null,True Techno
0.61,0.9,-7.812,0.0438,0.0003,0.7,0.761,0.167,0.6901,0.4773,11,Null,Psytrance New Releases 2020
0.825,0.635,-4.917,0.104,0.168,0.0,0.119,0.462,0.7262,0.1053,1,Zebra,Null
0.575,0.958,-2.649,0.089,0.0041,0.222,0.0998,0.24,0.7943,0.2936,13,Null,Drum and Bass 2020
0.232,0.873,-11.728,0.0585,0.0003,0.811,0.188,0.152,0.5994,0.223,10,Null,State if Trance (The best ASOT Epsidoes)
0.396,0.72,-3.854,0.0311,0.0008,0.0,0.24,0.289,0.6906,0.2379,3,The Life,Null
0.351,0.931,-6.598,0.0579,0.0001,0.291,0.635,0.0668,0.7889,0.2568,13,Null,Drum and Bass 2020 (Drum & Bass Music - DNB Hits)
0.441,0.992,-4.237,0.0535,0.0285,0.278,0.632,0.472,0.6356,0.2553,10,Null,Vocal Melodic Trance Top 1000
0.788,0.981,-7.36,0.133,0.01,0.714,0.669,0.338,0.6128,0.3738,9,Null,Dark Techno Rave
0.755,0.53,-13.125,0.142,0.427,0.0,0.108,0.701,0.6407,0.1515,7,Snake Oil,Null
0.611,0.979,-1.557,0.17,0.0326,0.706,0.0885,0.81,0.7265,0.1092,2,D.I.E,Null
0.368,0.23,-11.787,0.0361,0.947,0.0015,0.111,0.186,0.6106,0.2486,3,I'm In Here - Piano/Vocal Version,Null
0.543,0.935,-4.219,0.035,0.0008,0.0422,0.0605,0.113,0.6355,0.2028,10,Null,Vocal Melodic Trance Top 1000
0.904,0.492,-9.657,0.155,0.0012,0.364,0.125,0.257,0.6808,0.2445,1,Someone Said,Null
0.569,0.945,-6.554,0.0482,0.0,0.672,0.606,0.1,0.6492,0.5262,11,Null,PSYTRANCE BANGERS best new 2020
0.564,0.835,-12.023,0.0379,0.0001,0.827,0.129,0.734,0.5993,0.2432,10,Null,Top Trance Songs EVER
0.588,0.936,-3.341,0.167,0.0799,0.12,0.0977,0.523,0.6812,0.2562,12,Null,I'm a fucking Headbanger
0.505,0.922,-3.125,0.352,0.0004,0.837,0.242,0.477,0.7714,0.1133,2,Misfortune,Null
0.65,0.929,-0.522,0.304,0.0069,0.0,0.377,0.445,0.6361,0.2863,12,Null,Trap and Bass
0.712,0.759,-5.397,0.334,0.016,0.0808,0.217,0.738,0.7182,0.2731,7,Yonkers,Null
0.606,0.952,-2.158,0.193,0.0005,0.0381,0.917,0.07,0.6807,0.2471,12,Null,HEADBANGERS:Dubstep/Riddim
0.546,0.764,-7.105,0.194,0.145,0.0124,0.295,0.167,0.4994,0.5636,3,Dear Jamie...Sincerely Me - EP Version,Null
0.655,0.87,-6.32,0.052,0.0001,0.682,0.919,0.36,0.6718,0.4411,11,Null,Psytrance Can
0.46,0.936,-5.688,0.0475,0.0004,0.224,0.3,0.0384,0.6352,0.1936,10,Null,Top Trance Songs EVER
0.477,0.868,-5.425,0.0369,0.0032,0.513,0.0966,0.567,0.7898,0.3183,13,Null,UKF Drum & Bass - All Uploads
0.729,0.807,-7.324,0.0605,0.0057,0.658,0.0901,0.324,0.5992,0.3525,10,Null,Top Trance Songs EVER
0.665,0.817,-4.991,0.336,0.502,0.0009,0.0832,0.371,0.7744,0.2876,1,Drugs In My Pocket,Null
0.878,0.697,-9.943,0.277,0.0128,0.0003,0.136,0.771,0.7496,0.1473,1,Grindstone Cowboy,Null
0.687,0.996,-3.784,0.0504,0.0001,0.793,0.108,0.654,0.5902,0.4985,9,Null,techno. only. (08/02)
0.514,0.954,-1.777,0.0453,0.0019,0.887,0.0832,0.334,0.7897,0.3067,13,Null,Liqduicity Drum & Bass
0.924,0.526,-8.694,0.0694,0.0375,0.0001,0.0836,0.423,0.6579,0.1316,1,Meet Whitney!,Null
0.59,0.698,-4.262,0.0286,0.0002,0.0,0.107,0.352,0.8714,0.2454,5,Hey Daddy (Daddy's Home),Null
0.654,0.75,-7.509,0.105,0.244,0.0178,0.167,0.557,0.8423,0.2985,7,No Church In The Wild,Null
0.48,0.61,-7.042,0.305,0.0456,0.0,0.313,0.297,0.8174,0.28,1,911 / Mr. Lonely (feat. Frank Ocean & Steve Lacy),Null
0.706,0.716,-11.347,0.0679,0.0002,0.87,0.1,0.325,0.6719,0.547,11,Null,Psytrance: From Full on to Forrest Trance
0.401,0.995,-3.91,0.0515,0.0161,0.791,0.119,0.497,0.6263,0.2286,10,Null,Uplifting | Trance
0.8,0.871,-4.47,0.0551,0.0078,0.0153,0.148,0.42,0.554,0.1508,2,The Blood Ministration Does Not Praise the Sun,Null
0.528,0.749,-9.742,0.152,0.0048,0.576,0.107,0.346,0.5719,0.4255,9,Null,Dark Techno Rave
0.382,0.976,-4.424,0.127,0.0,0.273,0.113,0.0348,0.6358,0.1953,10,Null,Top Trance Songs EVER
0.862,0.648,-7.401,0.251,0.0455,0.0,0.0332,0.637,0.8898,0.258,7,How We Do,Null
0.877,0.534,-6.178,0.15,0.0339,0.0,0.0441,0.89,0.491,0.2164,7,Miami,Null
0.708,0.509,-4.451,0.0959,0.111,0.0,0.325,0.212,0.6174,0.204,2,Gold ('99-2000),Null
0.339,0.297,-13.893,0.043,0.139,0.743,0.13,0.162,0.9685,0.2948,0,Save That Shit (You Coundn't),Null
0.743,0.476,-8.915,0.217,0.011,0.0,0.293,0.177,0.6179,0.2146,1,Run It Up,Null
0.501,0.894,-3.624,0.26,0.0049,0.0213,0.076,0.172,0.7037,0.276,14,Null,Greatest Hardstyle Playlist
0.837,0.995,-6.511,0.0653,0.0415,0.849,0.0726,0.766,0.5584,0.4107,8,Null,Tech House Essentials by Distortion
0.53,0.946,-3.167,0.249,0.0103,0.0,0.38,0.492,0.5906,0.1397,2,Stayawayfromme,Null
0.532,0.899,-9.303,0.0465,0.0003,0.885,0.043,0.224,0.6445,0.5547,11,Null,PSYTRANCE BANGERS best new 2020
0.907,0.637,-5.498,0.117,0.0713,0.0,0.0816,0.496,0.5902,0.1946,5,Kept Back (feat. Lil Pump) - Bonus Track Version,Null
0.833,0.556,-6.429,0.0812,0.0015,0.0,0.114,0.0392,0.6044,0.1666,2,Ashes Where I Walk,Null
0.59,0.975,-1.477,0.08,0.0004,0.0151,0.415,0.237,0.6809,0.2576,12,Null,HEADBANGERS:Dubstep/Riddim
0.608,0.59,-12.1,0.752,0.44,0.0,0.327,0.907,0.798,0.142,7,98 Freestyle,Null
0.778,0.864,-9.741,0.0413,0.0072,0.895,0.0952,0.0275,0.572,0.4382,9,Null,Techno Bunker
0.461,0.0279,-21.992,0.0412,0.973,0.0023,0.169,0.354,0.8025,0.0951,7,Dead Inside (Interlude),Null
0.749,0.34,-9.646,0.421,0.406,0.0,0.0939,0.412,0.6897,0.2075,5,No Co-Sign,Null
0.496,0.931,-3.476,0.036,0.045,0.0004,0.187,0.286,0.681,0.2716,14,Null,Euphoric Hardstyle
0.725,0.727,-4.493,0.0443,0.0846,0.0,0.157,0.436,0.6444,0.1648,5,In Your Phone (with Lauren Jauregui),Null
0.701,0.431,-6.867,0.399,0.0534,0.0,0.556,0.495,0.8916,0.3554,7,Wrong Or Right (I'm Tired) (feat. Bzr Royale),Null
0.777,0.877,-8.664,0.0731,0.0005,0.868,0.0865,0.329,0.5583,0.4019,8,Null,Dirtybird Players
0.818,0.871,-5.922,0.0536,0.0018,0.726,0.0681,0.534,0.5675,0.3762,8,Null,Dirtybird House
0.574,0.427,-6.826,0.229,0.651,0.0,0.11,0.23,0.944,0.2422,1,Rollin,Null
0.83,0.564,-7.822,0.235,0.177,0.0,0.128,0.107,0.7721,0.1423,1,ORANGE SODA,Null
0.481,0.914,-8.999,0.0465,0.0001,0.854,0.347,0.152,0.6673,0.4952,11,Null,Psytrance: From Full on to Forrest Trance
0.658,0.981,-2.503,0.231,0.0104,0.0818,0.687,0.182,0.6808,0.2474,12,Null,Headbangers:Dubstep/Riddim
0.689,0.658,-7.537,0.748,0.0794,0.0,0.235,0.689,0.8994,0.1901,1,Cash App,Null
0.804,0.93,-4.871,0.0753,0.0044,0.696,0.103,0.567,0.5719,0.2385,8,Null,Dirtybird//Techhouse by Mack\
0.774,0.559,-7.142,0.0406,0.0062,0.0,0.0736,0.194,0.5906,0.18,2,Kratos,Null
0.635,0.968,-2.477,0.265,0.001,0.365,0.169,0.237,0.6809,0.2629,12,Null,HEADBANGERS:Dubstep/Riddim
0.433,0.994,-5.164,0.0927,0.002,0.413,0.0636,0.164,0.6355,0.4548,10,Null,UPLIFTING TRANCE 2020
0.836,0.743,-3.314,0.326,0.0457,0.0001,0.0395,0.879,0.7736,0.2731,7,P.I.M.P.,Null
0.828,0.793,-6.7,0.0868,0.0001,0.835,0.127,0.318,0.5811,0.5003,9,Null,Techno Bunker
0.846,0.88,-6.182,0.0505,0.0075,0.033,0.107,0.581,0.5766,0.1987,8,Null,Tech House Rotation 2020
